Global ID,Site Name,State/Circle,District,Cluster,Alarm On-Site,Alarm Start Time,Alarm End Time,Duration (HH:MM:SS),Battery Start Volt,Battery End Volt,Temp.,IMEI,Site Running ON,Energy Start Time,Energy End Time,Acknowledge
ST-KOL-LMAC-001,HOWRAH DASNAGAR_71,West Bengal,Kolkata,Kolkata,Mains Failed,16-03-2026 23:13,17-03-2026 02:06,02:53:13,0,0,0,'861919084310183,SOEB,16-03-2026 00:00,17-03-2026 00:00,"Level-1, Status-DIALING, Number-9800291987; Level-2, Status-DIALING, Number-7003719849"
ST-KOL-HPSC-010,Maheshtala 2,West Bengal,Kolkata,Kolkata,Fiber cut,16-03-2026 21:15,Alarm is Active,-,98.2,-,0,'867950079196091,SOBT,16-03-2026 00:00,17-03-2026 00:00,"Level-1, Status-DIALING, Number-9800291987; Level-2, Status-DIALING, Number-7003719849"
ST-KOL-LMAC-001,HOWRAH DASNAGAR_71,West Bengal,Kolkata,Kolkata,Mains Failed,16-03-2026 21:12,16-03-2026 23:09,01:56:35,0,0,0,'861919084310183,SOEB,16-03-2026 00:00,17-03-2026 00:00,"Level-1, Status-DIALING, Number-9800291987; Level-2, Status-DIALING, Number-7003719849"
ST-DELHI-MACRO-010,NOD_Sector 141_2,Delhi,Noida,Noida,Mains Failed,16-03-2026 19:22,16-03-2026 19:33,00:10:33,54.58,48.66,0,'866082076631002,SOEB,16-03-2026 00:00,17-03-2026 00:00,"Level-1, Status-No.Block by Server, Number-9717185678; Level-2, Status-No.Block by Server, Number-8395061400"
ST-DELHI-MACRO-22,SECTOR 39 GGN_3,Delhi,Delhi,Delhi,Mains Failed,16-03-2026 19:07,16-03-2026 19:17,00:09:30,50.08,49.27,0,'866082076647669,SOEB,16-03-2026 00:00,17-03-2026 00:00,"Level-1, Status-No.Block by Server, Number-8395061400; Level-2, Status-No.Block by Server, Number-8395061400"
STPL-KA-BGLR-OD-033,MTP-Silver Oak (E2),Karnataka,Bangalore,Bangalore,Mains Failed,16-03-2026 18:25,16-03-2026 18:27,00:02:09,0,0,0,'866082076609081,SOEB,16-03-2026 00:00,17-03-2026 00:00,"Level-1, Status-DIALING, Number-9483795832; Level-2, Status-DIALING, Number-9483795832"
ST-DELHI-HPSC-250,HPSC_BADARPUR_KALKAJI_2,Delhi,Faridabad,Faridabad,Fiber cut,16-03-2026 18:14,Alarm is Active,-,53.6,-,0,'861919084309706,SOEB,16-03-2026 17:13,17-03-2026 00:00,"Level-1, Status-No.Block by Server, Number-6392031410; Level-2, Status-No.Block by Server, Number-8395061400"
STPL-KA-BGLR-OD-033,MTP-Silver Oak (E2),Karnataka,Bangalore,Bangalore,Mains Failed,16-03-2026 16:58,16-03-2026 17:01,00:02:51,0,0,0,'866082076609081,SOEB,16-03-2026 00:00,17-03-2026 00:00,"Level-1, Status-DIALING, Number-9483795832; Level-2, Status-DIALING, Number-9483795832"
ST-DELHI-HPSC-250,HPSC_BADARPUR_KALKAJI_2,Delhi,Faridabad,Faridabad,Fiber cut,16-03-2026 16:54,16-03-2026 16:58,00:04:12,0,0,0,'861919084309706,SOEB,16-03-2026 16:53,16-03-2026 17:10,"Level-1, Status-No.Block by Server, Number-6392031410; Level-2, Status-No.Block by Server, Number-8395061400"
STPL-KA-BGLR-OD-033,MTP-Silver Oak (E2),Karnataka,Bangalore,Bangalore,Mains Failed,16-03-2026 16:53,16-03-2026 16:54,00:00:34,0,0,0,'866082076609081,SOEB,16-03-2026 00:00,17-03-2026 00:00,"Level-1, Status-DIALING, Number-9483795832; Level-2, Status-DIALING, Number-9483795832"
STPL-KA-BGLR-OD-033,MTP-Silver Oak (E2),Karnataka,Bangalore,Bangalore,Mains Failed,16-03-2026 16:52,16-03-2026 16:53,00:00:54,0,0,0,'866082076609081,SOEB,16-03-2026 00:00,17-03-2026 00:00,"Level-1, Status-DIALING, Number-9483795832; Level-2, Status-DIALING, Number-9483795832"
STPL-KA-BGLR-OD-033,MTP-Silver Oak (E2),Karnataka,Bangalore,Bangalore,Mains Failed,16-03-2026 16:49,16-03-2026 16:51,00:02:03,0,0,0,'866082076609081,SOEB,16-03-2026 00:00,17-03-2026 00:00,"Level-1, Status-NO DIALTONE, Number-9483795832; Level-2, Status-NO DIALTONE, Number-9483795832"
ST-GUJ-MACRO-045,RIDDHISIDDHISQUAREKADI,Gujrat,Mehsana,Mehsana,L LVD Cut,16-03-2026 16:29,16-03-2026 16:37,00:07:17,53.85,1.92,0,'861919084259026,SOEB,16-03-2026 00:00,17-03-2026 00:00,"Level-1, Status-NO DIALTONE, Number-9106296546; Level-2, Status-NO DIALTONE, Number-8980445100"
ST-DELHI-HPSC-232,HPSC_Zaildar Enclave_Hastsal_1,Delhi,Delhi,Delhi,L LVD Cut,16-03-2026 16:26,17-03-2026 14:16,21:50:33,53,53,0,'861919084309466,SOEB,16-03-2026 00:00,17-03-2026 00:00,"Level-1, Status-DIALING, Number-9315997041; Level-2, Status-DIALING, Number-8395061400"
ST-DELHI-MACRO-010,NOD_Sector 141_2,Delhi,Noida,Noida,Mains Failed,16-03-2026 16:07,16-03-2026 16:12,00:04:11,49.62,49.62,0,'866082076631002,SOEB,16-03-2026 00:00,17-03-2026 00:00,"Level-1, Status-No.Block by Server, Number-9717185678; Level-2, Status-No.Block by Server, Number-8395061400"
ST-DELHI-MACRO-010,NOD_Sector 141_2,Delhi,Noida,Noida,Mains Failed,16-03-2026 15:47,16-03-2026 15:59,00:11:47,54.67,48.84,0,'866082076631002,SOEB,16-03-2026 00:00,17-03-2026 00:00,"Level-1, Status-No.Block by Server, Number-9717185678; Level-2, Status-No.Block by Server, Number-8395061400"
STPL-KA-BGLR-OD-033,MTP-Silver Oak (E2),Karnataka,Bangalore,Bangalore,Mains Failed,16-03-2026 14:56,16-03-2026 14:56,00:00:13,0,0,0,'866082076609081,SOEB,16-03-2026 00:00,17-03-2026 00:00,"Level-1, Status-DIALING, Number-9483795832; Level-2, Status-DIALING, Number-9483795832"
STPL-KA-BGLR-OD-033,MTP-Silver Oak (E2),Karnataka,Bangalore,Bangalore,Mains Failed,16-03-2026 14:44,16-03-2026 14:45,00:00:50,0,0,0,'866082076609081,SOEB,16-03-2026 00:00,17-03-2026 00:00,"Level-1, Status-DIALING, Number-9483795832; Level-2, Status-DIALING, Number-9483795832"
STPL-KA-BGLR-OD-033,MTP-Silver Oak (E2),Karnataka,Bangalore,Bangalore,Mains Failed,16-03-2026 14:38,16-03-2026 14:38,00:00:17,0,0,0,'866082076609081,SOEB,16-03-2026 00:00,17-03-2026 00:00,"Level-1, Status-DIALING, Number-9483795832; Level-2, Status-DIALING, Number-9483795832"
STPL-KA-BGLR-OD-033,MTP-Silver Oak (E2),Karnataka,Bangalore,Bangalore,Mains Failed,16-03-2026 14:34,16-03-2026 14:37,00:03:22,0,0,0,'866082076609081,SOEB,16-03-2026 00:00,17-03-2026 00:00,"Level-1, Status-DIALING, Number-9483795832; Level-2, Status-DIALING, Number-9483795832"
ST-DELHI-HPSC-264,HPSC_BALLABGARH SECTOR 1 FBD_4,Delhi,Faridabad,Faridabad,L LVD Cut,16-03-2026 14:33,16-03-2026 14:38,00:05:03,654.36,49.4,0,'861919084308849,SOEB,16-03-2026 14:31,16-03-2026 14:35,-
STPL-KA-BGLR-OD-033,MTP-Silver Oak (E2),Karnataka,Bangalore,Bangalore,Mains Failed,16-03-2026 14:33,16-03-2026 14:33,00:00:28,0,0,0,'866082076609081,SOEB,16-03-2026 00:00,17-03-2026 00:00,"Level-1, Status-DIALING, Number-9483795832; Level-2, Status-DIALING, Number-9483795832"
ST-DELHI-HPSC-262,HPSC_GBD_Gharoli_Khora_Colony,Delhi,North Delhi,North Delhi,Mains Failed,16-03-2026 13:46,17-03-2026 07:09,17:22:46,0,0,0,'866082076649947,SOEB,-,-,"Level-1, Status-No.Block by Server, Number-8448102503; Level-2, Status-No.Block by Server, Number-8395061400"
ST-MAH-OD-0044,Naregaon Chilkalthana,Maharashtra,Vasai,Vasai,L LVD Cut,16-03-2026 12:54,16-03-2026 12:57,00:02:36,48.21,1.92,0,'861919084258986,SOBT,16-03-2026 12:36,16-03-2026 12:56,"Level-1, Status-DIALING, Number-9975740528; Level-2, Status-DIALING, Number-9823982397"
ST-DELHI-MACRO-010,NOD_Sector 141_2,Delhi,Noida,Noida,Mains Failed,16-03-2026 10:56,16-03-2026 11:19,00:23:04,50.56,49.02,0,'866082076631002,SOEB,16-03-2026 00:00,17-03-2026 00:00,"Level-1, Status-No.Block by Server, Number-9717185678; Level-2, Status-No.Block by Server, Number-8395061400"
ST-DELHI-HPSC-262,HPSC_GBD_Gharoli_Khora_Colony,Delhi,North Delhi,North Delhi,Mains Failed,16-03-2026 10:45,16-03-2026 13:25,02:39:49,0,0,0,'866082076649947,SOEB,-,-,"Level-1, Status-No.Block by Server, Number-8448102503; Level-2, Status-No.Block by Server, Number-8395061400"
ST-MAH-OD-0044,Naregaon Chilkalthana,Maharashtra,Vasai,Vasai,L LVD Cut,16-03-2026 10:31,16-03-2026 11:41,01:10:00,5.57,0.85,0,'861919084258986,SOBT,16-03-2026 05:29,16-03-2026 11:42,"Level-1, Status-BUSY, Number-9975740528; Level-2, Status-BUSY, Number-9823982397"
ST_MUM_HPSC_0065,Panduranga Kadu Bunglow,Mumbai,Mumbai,MUMBAI,Mains Failed,16-03-2026 05:57,Alarm is Active,-,0,-,0,'867950079194625,SOEB,16-03-2026 00:00,17-03-2026 00:00,"Level-1, Status-DIALING, Number-7208501421; Level-2, Status-DIALING, Number-8097618466"
ST-KOL-LMAC-001,HOWRAH DASNAGAR_71,West Bengal,Kolkata,Kolkata,Mains Failed,16-03-2026 03:52,16-03-2026 03:55,00:02:58,0,0,0,'861919084310183,SOEB,16-03-2026 00:00,17-03-2026 00:00,"Level-1, Status-DIALING, Number-9800291987; Level-2, Status-DIALING, Number-7003719849"
ST-KOL-LMAC-001,HOWRAH DASNAGAR_71,West Bengal,Kolkata,Kolkata,Mains Failed,16-03-2026 03:31,16-03-2026 03:38,00:07:07,0,0,0,'861919084310183,SOEB,16-03-2026 00:00,17-03-2026 00:00,"Level-1, Status-DIALING, Number-9800291987; Level-2, Status-DIALING, Number-7003719849"
ST-DELHI-HPSC-262,HPSC_GBD_Gharoli_Khora_Colony,Delhi,North Delhi,North Delhi,Mains Failed,16-03-2026 01:16,16-03-2026 08:43,07:27:04,0,0,0,'866082076649947,SOEB,-,-,"Level-1, Status-No.Block by Server, Number-8448102503; Level-2, Status-No.Block by Server, Number-8395061400"
ST_MUM_HPSC_051,Sadan Height,Mumbai,Mumbai,MUMBAI,Mains Failed,16-03-2026 01:07,17-03-2026 09:44,32:37:00,0,0,0,'866082076645986,SOEB,16-03-2026 00:00,17-03-2026 00:00,"Level-1, Status-DIALING, Number-9833144457; Level-2, Status-DIALING, Number-8097618466"
ST-MAH-OD-0065,Nirvaana Residency,Maharashtra,RAIGAD,PUNE-3,L LVD Cut,15-03-2026 23:57,17-03-2026 12:55,36:57:34,1.64,54.64,0,'865510082839855,SOEB,15-03-2026 16:46,16-03-2026 00:00,"Level-1, Status-No.Block by Server, Number-9975894886; Level-2, Status-No.Block by Server, Number-8888806810"
ST-DELHI-MACRO-010,NOD_Sector 141_2,Delhi,Noida,Noida,Mains Failed,15-03-2026 22:16,15-03-2026 22:18,00:02:16,54.59,54.59,0,'866082076631002,SOEB,15-03-2026 00:00,16-03-2026 00:00,"Level-1, Status-No.Block by Server, Number-9717185678; Level-2, Status-No.Block by Server, Number-8395061400"
ST-DELHI-HPSC-262,HPSC_GBD_Gharoli_Khora_Colony,Delhi,North Delhi,North Delhi,Mains Failed,15-03-2026 21:47,16-03-2026 01:14,03:27:35,0,0,0,'866082076649947,SOEB,-,-,"Level-1, Status-No.Block by Server, Number-8448102503; Level-2, Status-No.Block by Server, Number-8395061400"
ST-DELHI-HPSC-262,HPSC_GBD_Gharoli_Khora_Colony,Delhi,North Delhi,North Delhi,Mains Failed,15-03-2026 21:41,15-03-2026 21:44,00:03:06,0,0,0,'866082076649947,SOEB,-,-,"Level-1, Status-No.Block by Server, Number-8448102503; Level-2, Status-No.Block by Server, Number-8395061400"
ST-DELHI-HPSC-262,HPSC_GBD_Gharoli_Khora_Colony,Delhi,North Delhi,North Delhi,Mains Failed,15-03-2026 20:04,15-03-2026 21:35,01:30:18,0,0,0,'866082076649947,SOEB,-,-,"Level-1, Status-No.Block by Server, Number-8448102503; Level-2, Status-No.Block by Server, Number-8395061400"
ST-DELHI-HPSC-262,HPSC_GBD_Gharoli_Khora_Colony,Delhi,North Delhi,North Delhi,Mains Failed,15-03-2026 18:23,15-03-2026 19:54,01:31:05,0,0,0,'866082076649947,SOEB,-,-,"Level-1, Status-No.Block by Server, Number-8448102503; Level-2, Status-No.Block by Server, Number-8395061400"
ST-MAH-OD-0058,Bandshil,Maharashtra,RAIGAD,PUNE-3,L LVD Cut,15-03-2026 18:06,15-03-2026 18:08,00:02:34,10.28,8.85,0,'865510082912504,SOEB,15-03-2026 17:55,15-03-2026 18:08,"Level-1, Status-No.Block by Server, Number-9975894886; Level-2, Status-No.Block by Server, Number-8888806810"
ST-MAH-OD-0058,Bandshil,Maharashtra,RAIGAD,PUNE-3,L LVD Cut,15-03-2026 18:05,15-03-2026 18:05,00:00:13,10.78,10.78,0,'865510082912504,SOEB,15-03-2026 17:55,15-03-2026 18:08,"Level-1, Status-No.Block by Server, Number-9975894886; Level-2, Status-No.Block by Server, Number-8888806810"
ST-MAH-OD-0058,Bandshil,Maharashtra,RAIGAD,PUNE-3,L LVD Cut,15-03-2026 18:04,15-03-2026 18:04,00:00:13,9.42,9.42,0,'865510082912504,SOEB,15-03-2026 17:55,15-03-2026 18:08,"Level-1, Status-No.Block by Server, Number-9975894886; Level-2, Status-No.Block by Server, Number-8888806810"
ST-DELHI-MACRO-010,NOD_Sector 141_2,Delhi,Noida,Noida,Mains Failed,15-03-2026 14:55,15-03-2026 14:59,00:04:17,51.52,48.73,0,'866082076631002,SOEB,15-03-2026 00:00,16-03-2026 00:00,"Level-1, Status-No.Block by Server, Number-9717185678; Level-2, Status-No.Block by Server, Number-8395061400"
ST-DELHI-HPSC-262,HPSC_GBD_Gharoli_Khora_Colony,Delhi,North Delhi,North Delhi,Mains Failed,15-03-2026 14:48,15-03-2026 18:17,03:29:01,0,0,0,'866082076649947,SOEB,-,-,"Level-1, Status-No.Block by Server, Number-8448102503; Level-2, Status-No.Block by Server, Number-8395061400"
ST-MAH-OD-0065,Nirvaana Residency,Maharashtra,RAIGAD,PUNE-3,L LVD Cut,15-03-2026 14:43,15-03-2026 14:44,00:01:52,51.64,48.78,0,'865510082839855,SOBT,15-03-2026 14:42,15-03-2026 14:45,-
ST-DELHI-MACRO-010,NOD_Sector 141_2,Delhi,Noida,Noida,Mains Failed,15-03-2026 13:37,15-03-2026 13:40,00:02:17,54.55,54.55,0,'866082076631002,SOEB,15-03-2026 00:00,16-03-2026 00:00,"Level-1, Status-No.Block by Server, Number-9717185678; Level-2, Status-No.Block by Server, Number-8395061400"
ST-DELHI-HPSC-005,HPSC_Sector 37B_Sector 37,Delhi,Delhi,Delhi,Mains Failed,15-03-2026 12:54,17-03-2026 14:23,49:29:27,0,0,0,'867950079197800,SOEB,15-03-2026 00:00,16-03-2026 00:00,"Level-1, Status-No.Block by Server, Number-8395061400; Level-2, Status-No.Block by Server, Number-8395061400"
STPL-DELHI-MACRO-008,HPSC_Sadatpur_Seelam_Pur_3,Delhi,Delhi,Delhi,Mains Failed,15-03-2026 10:16,15-03-2026 10:51,00:35:22,0,0,0,'867950079196208,SOEB,15-03-2026 00:00,16-03-2026 00:00,"Level-1, Status-No.Block by Server, Number-8448102503; Level-2, Status-No.Block by Server, Number-8395061400"
STPL-DELHI-MACRO-008,HPSC_Sadatpur_Seelam_Pur_3,Delhi,Delhi,Delhi,Mains Failed,15-03-2026 09:34,15-03-2026 10:14,00:40:03,0,0,0,'867950079196208,SOEB,15-03-2026 00:00,16-03-2026 00:00,"Level-1, Status-No.Block by Server, Number-8448102503; Level-2, Status-No.Block by Server, Number-8395061400"
ST-DELHI-HPSC-005,HPSC_Sector 37B_Sector 37,Delhi,Delhi,Delhi,Mains Failed,15-03-2026 08:11,15-03-2026 12:33,04:22:25,0,0,0,'867950079197800,SOEB,15-03-2026 00:00,16-03-2026 00:00,"Level-1, Status-No.Block by Server, Number-8395061400; Level-2, Status-No.Block by Server, Number-8395061400"
STPL-DELHI-MACRO-008,HPSC_Sadatpur_Seelam_Pur_3,Delhi,Delhi,Delhi,Mains Failed,15-03-2026 06:09,15-03-2026 06:58,00:49:00,0,0,0,'867950079196208,SOEB,15-03-2026 00:00,16-03-2026 00:00,"Level-1, Status-No.Block by Server, Number-8448102503; Level-2, Status-No.Block by Server, Number-8395061400"
ST-MAH-OD-0048,AaradhyamSociety,Maharashtra,Pune,Pune,L LVD Cut,15-03-2026 00:24,15-03-2026 00:27,00:03:15,45.14,1.64,0,'865510082847569,SOBT,15-03-2026 00:22,15-03-2026 00:26,"Level-1, Status-No.Block by Server, Number-9975894886; Level-2, Status-No.Block by Server, Number-8888806810"
ST-MAH-OD-0048,AaradhyamSociety,Maharashtra,Pune,Pune,L LVD Cut,15-03-2026 00:07,15-03-2026 00:09,00:02:12,45.71,46.5,0,'865510082847569,SOBT,15-03-2026 00:00,15-03-2026 00:08,"Level-1, Status-No.Block by Server, Number-9975894886; Level-2, Status-No.Block by Server, Number-8888806810"
ST-MAH-OD-0048,AaradhyamSociety,Maharashtra,Pune,Pune,L LVD Cut,14-03-2026 20:47,14-03-2026 23:41,02:53:47,45.57,4.14,0,'865510082847569,SOBT,14-03-2026 17:58,14-03-2026 23:45,"Level-1, Status-No.Block by Server, Number-9975894886; Level-2, Status-No.Block by Server, Number-8888806810"
ST-MAH-OD-0036,BoradeBankarWastiMoshi,Maharashtra,Pune,Pune,L LVD Cut,14-03-2026 20:24,14-03-2026 21:30,01:06:27,47.57,54.78,0,'861919084260586,SOBT,14-03-2026 16:54,14-03-2026 21:30,"Level-1, Status-DIALING, Number-9975894886; Level-2, Status-DIALING, Number-9975894886"
ST-DELHI-HPSC-262,HPSC_GBD_Gharoli_Khora_Colony,Delhi,North Delhi,North Delhi,Mains Failed,14-03-2026 19:14,15-03-2026 14:43,19:29:38,0,0,0,'866082076649947,SOEB,-,-,"Level-1, Status-DIALING, Number-8448102503; Level-2, Status-DIALING, Number-8395061400"
ST-DELHI-MACRO-010,NOD_Sector 141_2,Delhi,Noida,Noida,Mains Failed,14-03-2026 18:51,14-03-2026 19:01,00:10:43,54.6,48.74,0,'866082076631002,SOEB,14-03-2026 00:00,15-03-2026 00:00,"Level-1, Status-DIALING, Number-9717185678; Level-2, Status-DIALING, Number-8395061400"
ST-DELHI-MACRO-010,NOD_Sector 141_2,Delhi,Noida,Noida,Mains Failed,14-03-2026 18:12,14-03-2026 18:13,00:01:02,54.6,54.6,0,'866082076631002,SOEB,14-03-2026 00:00,15-03-2026 00:00,"Level-1, Status-DIALING, Number-9717185678; Level-2, Status-DIALING, Number-8395061400"
ST-MAH-OD-0060,Singhaga Collage vadgaon,Maharashtra,Pune,Pune,L LVD Cut,14-03-2026 15:40,14-03-2026 15:41,00:00:32,49.78,50.28,0,'865510081316350,SOEB,14-03-2026 15:37,15-03-2026 00:00,"Level-1, Status-DIALING, Number-9823982397; Level-2, Status-DIALING, Number-8888806810"
ST-DELHI-MACRO-010,NOD_Sector 141_2,Delhi,Noida,Noida,Mains Failed,14-03-2026 14:26,14-03-2026 14:29,00:03:37,50.55,50.55,0,'866082076631002,SOEB,14-03-2026 00:00,15-03-2026 00:00,"Level-1, Status-DIALING, Number-9717185678; Level-2, Status-DIALING, Number-8395061400"
ST-DELHI-HPSC-262,HPSC_GBD_Gharoli_Khora_Colony,Delhi,North Delhi,North Delhi,Mains Failed,14-03-2026 13:58,14-03-2026 19:06,05:07:31,0,0,0,'866082076649947,SOEB,-,-,"Level-1, Status-NO DIALTONE, Number-8448102503; Level-2, Status-NO DIALTONE, Number-8395061400"
ST-DELHI-HPSC-169,HPSC_Badshahpur,Delhi,Delhi,Delhi,Fiber cut,14-03-2026 10:34,14-03-2026 13:35,03:00:44,53,53,0,'861919084304632,SOEB,14-03-2026 00:00,15-03-2026 00:00,"Level-1, Status-No.Block by Server, Number-8395061400; Level-2, Status-No.Block by Server, Number-8395061400"
ST-DELHI-HPSC-262,HPSC_GBD_Gharoli_Khora_Colony,Delhi,North Delhi,North Delhi,Mains Failed,14-03-2026 10:15,14-03-2026 13:51,03:35:48,0,0,0,'866082076649947,SOEB,-,-,"Level-1, Status-No.Block by Server, Number-8448102503; Level-2, Status-No.Block by Server, Number-8395061400"
ST-KOL-LMAC-001,HOWRAH DASNAGAR_71,West Bengal,Kolkata,Kolkata,Mains Failed,14-03-2026 10:03,14-03-2026 11:40,01:36:55,0,0,0,'861919084310183,SOEB,14-03-2026 00:00,15-03-2026 00:00,"Level-1, Status-DIALING, Number-9800291987; Level-2, Status-DIALING, Number-7003719849"
ST-KOL-LMAC-001,HOWRAH DASNAGAR_71,West Bengal,Kolkata,Kolkata,Mains Failed,14-03-2026 08:06,14-03-2026 08:50,00:43:31,0,0,0,'861919084310183,SOEB,14-03-2026 00:00,15-03-2026 00:00,"Level-1, Status-DIALING, Number-9800291987; Level-2, Status-DIALING, Number-7003719849"
ST-DELHI-HPSC-262,HPSC_GBD_Gharoli_Khora_Colony,Delhi,North Delhi,North Delhi,Mains Failed,14-03-2026 01:05,14-03-2026 09:49,08:44:14,0,0,0,'866082076649947,SOEB,-,-,"Level-1, Status-No.Block by Server, Number-8448102503; Level-2, Status-No.Block by Server, Number-8395061400"
ST_MUM_HPSC_0065,Panduranga Kadu Bunglow,Mumbai,Mumbai,MUMBAI,Mains Failed,13-03-2026 23:26,16-03-2026 05:53,54:27:09,0,0,0,'867950079194625,SOEB,13-03-2026 00:00,14-03-2026 00:00,"Level-1, Status-DIALING, Number-7208501421; Level-2, Status-DIALING, Number-8097618466"
ST-KOL-LMAC-001,HOWRAH DASNAGAR_71,West Bengal,Kolkata,Kolkata,Mains Failed,13-03-2026 22:29,13-03-2026 22:33,00:03:20,0,0,0,'861919084310183,SOEB,13-03-2026 00:00,14-03-2026 00:00,"Level-1, Status-DIALING, Number-9800291987; Level-2, Status-DIALING, Number-7003719849"
ST-KOL-LMAC-001,HOWRAH DASNAGAR_71,West Bengal,Kolkata,Kolkata,Mains Failed,13-03-2026 21:19,13-03-2026 21:23,00:03:13,0,0,0,'861919084310183,SOEB,13-03-2026 00:00,14-03-2026 00:00,"Level-1, Status-DIALING, Number-9800291987; Level-2, Status-DIALING, Number-7003719849"
ST_MUM_HPSC_0065,Panduranga Kadu Bunglow,Mumbai,Mumbai,MUMBAI,Mains Failed,13-03-2026 20:39,13-03-2026 23:13,02:33:39,0,0,0,'867950079194625,SOEB,13-03-2026 00:00,14-03-2026 00:00,"Level-1, Status-NO DIALTONE, Number-7208501421; Level-2, Status-No.Block by Server, Number-8097618466"
STPL-DELHI-MACRO-008,HPSC_Sadatpur_Seelam_Pur_3,Delhi,Delhi,Delhi,Mains Failed,13-03-2026 20:21,13-03-2026 20:26,00:05:31,0,0,0,'867950079196208,SOEB,13-03-2026 00:00,14-03-2026 00:00,"Level-1, Status-No.Block by Server, Number-8448102503; Level-2, Status-No.Block by Server, Number-8395061400"
ST-DELHI-HPSC-262,HPSC_GBD_Gharoli_Khora_Colony,Delhi,North Delhi,North Delhi,Mains Failed,13-03-2026 20:13,14-03-2026 01:01,04:48:22,0,0,0,'866082076649947,SOEB,-,-,"Level-1, Status-No.Block by Server, Number-8448102503; Level-2, Status-No.Block by Server, Number-8395061400"
STPL-DELHI-MACRO-008,HPSC_Sadatpur_Seelam_Pur_3,Delhi,Delhi,Delhi,Mains Failed,13-03-2026 17:12,13-03-2026 17:46,00:33:50,0,0,0,'867950079196208,SOEB,13-03-2026 00:00,14-03-2026 00:00,"Level-1, Status-No.Block by Server, Number-8448102503; Level-2, Status-No.Block by Server, Number-8395061400"
ST-DELHI-MACRO-010,NOD_Sector 141_2,Delhi,Noida,Noida,Mains Failed,13-03-2026 16:57,13-03-2026 17:19,00:22:42,50.6,49.3,0,'866082076631002,SOEB,13-03-2026 00:00,14-03-2026 00:00,"Level-1, Status-No.Block by Server, Number-9717185678; Level-2, Status-No.Block by Server, Number-8395061400"
ST-DELHI-MACRO-010,NOD_Sector 141_2,Delhi,Noida,Noida,Mains Failed,13-03-2026 16:22,13-03-2026 16:31,00:09:00,54.67,52.24,0,'866082076631002,SOEB,13-03-2026 00:00,14-03-2026 00:00,"Level-1, Status-No.Block by Server, Number-9717185678; Level-2, Status-No.Block by Server, Number-8395061400"
STPL-DELHI-MACRO-008,HPSC_Sadatpur_Seelam_Pur_3,Delhi,Delhi,Delhi,Mains Failed,13-03-2026 16:05,13-03-2026 17:11,01:06:10,0,0,0,'867950079196208,SOEB,13-03-2026 00:00,14-03-2026 00:00,"Level-1, Status-No.Block by Server, Number-8448102503; Level-2, Status-No.Block by Server, Number-8395061400"
STPL-DELHI-MACRO-008,HPSC_Sadatpur_Seelam_Pur_3,Delhi,Delhi,Delhi,Mains Failed,13-03-2026 15:22,13-03-2026 15:47,00:25:18,0,0,0,'867950079196208,SOEB,13-03-2026 00:00,14-03-2026 00:00,"Level-1, Status-No.Block by Server, Number-8448102503; Level-2, Status-No.Block by Server, Number-8395061400"
ST-DELHI-HPSC-232,HPSC_Zaildar Enclave_Hastsal_1,Delhi,Delhi,Delhi,L LVD Cut,13-03-2026 15:12,14-03-2026 13:32,22:20:37,52.9,52.9,0,'861919084309466,SOEB,13-03-2026 00:00,14-03-2026 00:00,"Level-1, Status-DIALING, Number-9315997041; Level-2, Status-DIALING, Number-8395061400"
ST-KAR-MACRO-022,Murugeswari Bldg,Karnataka,Bangalore,Bangalore,L LVD Cut,13-03-2026 12:42,13-03-2026 13:07,00:25:09,47.3,47.3,0,'867950079195226,SOEB,13-03-2026 11:44,14-03-2026 00:00,"Level-1, Status-DIALING, Number-9483795832; Level-2, Status-DIALING, Number-9483795832"
ST-KAR-MACRO-022,Murugeswari Bldg,Karnataka,Bangalore,Bangalore,L LVD Cut,13-03-2026 12:16,13-03-2026 12:17,00:00:29,47.87,47.87,0,'867950079195226,SOEB,13-03-2026 11:44,14-03-2026 00:00,"Level-1, Status-DIALING, Number-9483795832; Level-2, Status-DIALING, Number-9483795832"
ST-DELHI-MACRO-010,NOD_Sector 141_2,Delhi,Noida,Noida,Mains Failed,13-03-2026 12:11,13-03-2026 12:18,00:07:19,50.38,50.38,0,'866082076631002,SOEB,13-03-2026 00:00,14-03-2026 00:00,"Level-1, Status-No.Block by Server, Number-9717185678; Level-2, Status-No.Block by Server, Number-8395061400"
ST-KAR-MACRO-022,Murugeswari Bldg,Karnataka,Bangalore,Bangalore,L LVD Cut,13-03-2026 11:59,13-03-2026 12:04,00:05:21,40.13,0,0,'867950079195226,SOEB,13-03-2026 11:44,14-03-2026 00:00,"Level-1, Status-NO DIALTONE, Number-9483795832; Level-2, Status-NO DIALTONE, Number-9483795832"
ST-DELHI-MACRO-010,NOD_Sector 141_2,Delhi,Noida,Noida,Mains Failed,13-03-2026 11:23,13-03-2026 11:54,00:31:09,54.58,49.96,0,'866082076631002,SOEB,13-03-2026 00:00,14-03-2026 00:00,"Level-1, Status-No.Block by Server, Number-9717185678; Level-2, Status-No.Block by Server, Number-8395061400"
ST_MUM_HPSC_0065,Panduranga Kadu Bunglow,Mumbai,Mumbai,MUMBAI,Mains Failed,13-03-2026 10:53,13-03-2026 20:32,09:38:49,0,0,0,'867950079194625,SOEB,13-03-2026 00:00,14-03-2026 00:00,"Level-1, Status-DIALING, Number-7208501421; Level-2, Status-DIALING, Number-8097618466"
ST-KOL-LMAC-001,HOWRAH DASNAGAR_71,West Bengal,Kolkata,Kolkata,Mains Failed,13-03-2026 09:12,13-03-2026 09:56,00:43:25,0,0,0,'861919084310183,SOEB,13-03-2026 00:00,14-03-2026 00:00,"Level-1, Status-DIALING, Number-9800291987; Level-2, Status-DIALING, Number-7003719849"
ST-KOL-LMAC-001,HOWRAH DASNAGAR_71,West Bengal,Kolkata,Kolkata,Mains Failed,13-03-2026 07:13,13-03-2026 07:16,00:02:56,0,0,0,'861919084310183,SOEB,13-03-2026 00:00,14-03-2026 00:00,"Level-1, Status-DIALING, Number-9800291987; Level-2, Status-DIALING, Number-7003719849"
ST-DELHI-HPSC-262,HPSC_GBD_Gharoli_Khora_Colony,Delhi,North Delhi,North Delhi,Mains Failed,12-03-2026 19:41,13-03-2026 17:59,22:18:29,0,0,0,'866082076649947,SOEB,-,-,"Level-1, Status-DIALING, Number-8448102503; Level-2, Status-DIALING, Number-8395061400"
ST-MAH-OD-0064,LonikalbharKunjirwadi,Maharashtra,Pune,Pune,L LVD Cut,12-03-2026 19:30,12-03-2026 20:34,01:04:34,48.78,49.71,0,'869742088992570,SOEB,12-03-2026 19:16,12-03-2026 19:30,"Level-1, Status-NO DIALTONE, Number-9975894886; Level-2, Status-NO DIALTONE, Number-8888806810"
ST-KOL-LMAC-001,HOWRAH DASNAGAR_71,West Bengal,Kolkata,Kolkata,Mains Failed,12-03-2026 19:17,12-03-2026 19:21,00:03:37,0,0,0,'861919084310183,SOEB,12-03-2026 00:00,13-03-2026 00:00,"Level-1, Status-DIALING, Number-9800291987; Level-2, Status-DIALING, Number-7003719849"
ST-DELHI-HPSC-005,HPSC_Sector 37B_Sector 37,Delhi,Delhi,Delhi,Mains Failed,12-03-2026 19:16,15-03-2026 07:40,60:23:42,0,0,0,'867950079197800,SOEB,12-03-2026 00:00,13-03-2026 00:00,"Level-1, Status-DIALING, Number-8395061400; Level-2, Status-DIALING, Number-8395061400"
ST-MAH-OD-0064,LonikalbharKunjirwadi,Maharashtra,Pune,Pune,L LVD Cut,12-03-2026 19:10,12-03-2026 19:16,00:05:43,42.85,1,0,'869742088992570,SOBT,12-03-2026 19:10,12-03-2026 19:16,"Level-1, Status-NO DIALTONE, Number-9975894886; Level-2, Status-NO DIALTONE, Number-8888806810"
STPL-KA-BGLR-OD-033,MTP-Silver Oak (E2),Karnataka,Bangalore,Bangalore,Mains Failed,12-03-2026 18:33,12-03-2026 18:34,00:00:22,0,0,0,'866082076609081,SOEB,12-03-2026 00:00,13-03-2026 00:00,"Level-1, Status-DIALING, Number-9483795832; Level-2, Status-DIALING, Number-9483795832"
ST_MUM_HPSC_0065,Panduranga Kadu Bunglow,Mumbai,Mumbai,MUMBAI,Mains Failed,12-03-2026 18:01,13-03-2026 10:15,16:13:48,0,0,0,'867950079194625,SOEB,12-03-2026 00:00,13-03-2026 00:00,"Level-1, Status-DIALING, Number-7208501421; Level-2, Status-DIALING, Number-8097618466"
ST-DELHI-MACRO-010,NOD_Sector 141_2,Delhi,Noida,Noida,Mains Failed,12-03-2026 17:52,12-03-2026 17:58,00:05:53,54.6,49.38,0,'866082076631002,SOEB,12-03-2026 00:00,13-03-2026 00:00,"Level-1, Status-DIALING, Number-9717185678; Level-2, Status-DIALING, Number-8395061400"
ST-GUJ-MACRO-031,Vyara,Gujrat,Surat,Surat,L LVD Cut,12-03-2026 17:28,12-03-2026 17:29,00:00:51,53.21,3.5,0,'869742089044819,SOEB,12-03-2026 09:15,13-03-2026 00:00,"Level-1, Status-DIALING, Number-6359988360; Level-2, Status-DIALING, Number-8000012005"
ST_MUM_HPSC_051,Sadan Height,Mumbai,Mumbai,MUMBAI,Mains Failed,12-03-2026 17:22,16-03-2026 01:01,79:39:04,0,0,0,'866082076645986,SOEB,12-03-2026 00:00,13-03-2026 00:00,"Level-1, Status-DIALING, Number-9833144457; Level-2, Status-DIALING, Number-8097618466"
ST-DELHI-HPSC-005,HPSC_Sector 37B_Sector 37,Delhi,Delhi,Delhi,Mains Failed,12-03-2026 16:44,12-03-2026 19:06,02:22:08,0,0,0,'867950079197800,SOEB,12-03-2026 00:00,13-03-2026 00:00,"Level-1, Status-No.Block by Server, Number-8395061400; Level-2, Status-No.Block by Server, Number-8395061400"
STPL-KA-BGLR-OD-033,MTP-Silver Oak (E2),Karnataka,Bangalore,Bangalore,Mains Failed,12-03-2026 14:57,12-03-2026 14:58,00:01:01,0,0,0,'866082076609081,SOEB,12-03-2026 00:00,13-03-2026 00:00,"Level-1, Status-DIALING, Number-9483795832; Level-2, Status-DIALING, Number-9483795832"
ST-MAH-OD-0048,AaradhyamSociety,Maharashtra,Pune,Pune,L LVD Cut,12-03-2026 14:55,12-03-2026 15:03,00:07:26,52.21,11.35,0,'865510082847569,SOEB,12-03-2026 14:52,12-03-2026 14:59,"Level-1, Status-No.Block by Server, Number-9975894886; Level-2, Status-No.Block by Server, Number-8888806810"
ST-MAH-OD-0064,LonikalbharKunjirwadi,Maharashtra,Pune,Pune,L LVD Cut,12-03-2026 14:37,12-03-2026 18:20,03:42:56,48.42,49.78,0,'869742088992570,SOBT,12-03-2026 11:58,12-03-2026 18:19,"Level-1, Status-No.Block by Server, Number-9975894886; Level-2, Status-No.Block by Server, Number-8888806810"
STPL-KA-BGLR-OD-033,MTP-Silver Oak (E2),Karnataka,Bangalore,Bangalore,Mains Failed,12-03-2026 14:23,12-03-2026 14:23,00:00:07,0,0,0,'866082076609081,SOEB,12-03-2026 00:00,13-03-2026 00:00,"Level-1, Status-DIALING, Number-9483795832; Level-2, Status-DIALING, Number-9483795832"
STPL-KA-BGLR-OD-033,MTP-Silver Oak (E2),Karnataka,Bangalore,Bangalore,Mains Failed,12-03-2026 14:15,12-03-2026 14:16,00:01:19,0,0,0,'866082076609081,SOEB,12-03-2026 00:00,13-03-2026 00:00,"Level-1, Status-DIALING, Number-9483795832; Level-2, Status-DIALING, Number-9483795832"
STPL-KA-BGLR-OD-033,MTP-Silver Oak (E2),Karnataka,Bangalore,Bangalore,Mains Failed,12-03-2026 14:13,12-03-2026 14:14,00:00:22,0,0,0,'866082076609081,SOEB,12-03-2026 00:00,13-03-2026 00:00,"Level-1, Status-DIALING, Number-9483795832; Level-2, Status-DIALING, Number-9483795832"
STPL-KA-BGLR-OD-033,MTP-Silver Oak (E2),Karnataka,Bangalore,Bangalore,Mains Failed,12-03-2026 14:01,12-03-2026 14:02,00:00:54,0,0,0,'866082076609081,SOEB,12-03-2026 00:00,13-03-2026 00:00,"Level-1, Status-DIALING, Number-9483795832; Level-2, Status-DIALING, Number-9483795832"
ST-GUJ-MACRO-018,Dhanraj Complex Banroli Road Hanuman Temple,Gujrat,Ahmedabad,Ahmedabad,L LVD Cut,12-03-2026 13:29,12-03-2026 16:52,03:23:51,47,0.78,0,'861919082199356,SOBT,12-03-2026 11:52,12-03-2026 16:53,"Level-1, Status-DIALING, Number-9727794821; Level-2, Status-DIALING, Number-8980445100"
ST-DELHI-HPSC-005,HPSC_Sector 37B_Sector 37,Delhi,Delhi,Delhi,Mains Failed,12-03-2026 12:39,12-03-2026 16:34,03:55:16,0,0,0,'867950079197800,SOEB,12-03-2026 00:00,13-03-2026 00:00,"Level-1, Status-No.Block by Server, Number-8395061400; Level-2, Status-No.Block by Server, Number-8395061400"
STPL-KA-BGLR-OD-032,N1 MTP Balsa,Karnataka,Bangalore,Bangalore,Mains Failed,12-03-2026 11:02,12-03-2026 11:02,00:00:33,0,0,0,'866082076631077,SOEB,12-03-2026 00:00,13-03-2026 00:00,"Level-1, Status-DIALING, Number-9483795832; Level-2, Status-DIALING, Number-9483795832"
ST-MAH-OD-0067,Nevalevasti-Chikali,Maharashtra,Pune,Pune,L LVD Cut,12-03-2026 10:56,12-03-2026 10:56,00:00:28,9,10.85,0,'865510082844087,SOBT,12-03-2026 10:54,12-03-2026 10:56,"Level-1, Status-DIALING, Number-9975894886; Level-2, Status-DIALING, Number-8888808610"
ST-MAH-OD-0067,Nevalevasti-Chikali,Maharashtra,Pune,Pune,L LVD Cut,12-03-2026 10:53,12-03-2026 10:55,00:01:58,53.21,9,0,'865510082844087,SOEB,12-03-2026 10:18,12-03-2026 10:54,"Level-1, Status-DIALING, Number-9975894886; Level-2, Status-DIALING, Number-8888808610"
ST-DELHI-HPSC-262,HPSC_GBD_Gharoli_Khora_Colony,Delhi,North Delhi,North Delhi,Mains Failed,12-03-2026 09:37,12-03-2026 09:49,00:12:16,0,0,0,'866082076649947,SOEB,-,-,"Level-1, Status-No.Block by Server, Number-8448102503; Level-2, Status-No.Block by Server, Number-8395061400"
ST-DELHI-HPSC-262,HPSC_GBD_Gharoli_Khora_Colony,Delhi,North Delhi,North Delhi,Mains Failed,12-03-2026 07:11,12-03-2026 09:36,02:25:19,0,0,0,'866082076649947,SOEB,-,-,"Level-1, Status-No.Block by Server, Number-8448102503; Level-2, Status-No.Block by Server, Number-8395061400"
ST-KAR-MACRO-016,Suma Bldg,Karnataka,Bangalore,Bangalore,L LVD Cut,12-03-2026 07:05,12-03-2026 11:31,04:25:59,45.52,45.52,0,'866082076630756,SOEB,12-03-2026 07:01,12-03-2026 15:35,"Level-1, Status-DIALING, Number-9483795832; Level-2, Status-DIALING, Number-9483795832"
ST_MUM_HPSC_051,Sadan Height,Mumbai,Mumbai,MUMBAI,Mains Failed,12-03-2026 02:48,12-03-2026 17:18,14:30:20,0,0,0,'866082076645986,SOEB,12-03-2026 00:00,13-03-2026 00:00,"Level-1, Status-DIALING, Number-9833144457; Level-2, Status-DIALING, Number-8097618466"
ST_MUM_HPSC_0010,Golden House,Mumbai,Mumbai,MUMBAI,Optical Fiber Cut ,11-03-2026 21:07,Alarm is Active,-,54.14,-,0,'861919084371409,SOEB,11-03-2026 00:00,12-03-2026 00:00,"Level-1, Status-No.Block by Server, Number-8433656064; Level-2, Status-No.Block by Server, Number-8097618466"
ST-DELHI-MACRO-010,NOD_Sector 141_2,Delhi,Noida,Noida,Mains Failed,11-03-2026 18:26,11-03-2026 18:29,00:03:36,50.63,50.63,0,'866082076631002,SOEB,11-03-2026 12:14,12-03-2026 00:00,"Level-1, Status-DIALING, Number-9717185678; Level-2, Status-DIALING, Number-8395061400"
ST-DELHI-HPSC-232,HPSC_Zaildar Enclave_Hastsal_1,Delhi,Delhi,Delhi,L LVD Cut,11-03-2026 18:04,12-03-2026 11:22,17:17:42,53.2,53,0,'861919084309466,SOEB,11-03-2026 00:00,12-03-2026 00:00,"Level-1, Status-DIALING, Number-9315997041; Level-2, Status-DIALING, Number-8395061400"
ST-DELHI-MACRO-010,NOD_Sector 141_2,Delhi,Noida,Noida,Mains Failed,11-03-2026 17:04,11-03-2026 17:11,00:07:08,54.56,54.56,0,'866082076631002,SOEB,11-03-2026 12:14,12-03-2026 00:00,"Level-1, Status-DIALING, Number-9717185678; Level-2, Status-DIALING, Number-8395061400"
ST-MAH-OD-0064,LonikalbharKunjirwadi,Maharashtra,Pune,Pune,L LVD Cut,11-03-2026 16:15,11-03-2026 16:38,00:22:46,48,49.64,0,'869742088992570,SOEB,11-03-2026 15:40,11-03-2026 16:15,"Level-1, Status-DIALING, Number-9975894886; Level-2, Status-DIALING, Number-8888806810"
ST-MAH-OD-0066,"GANGACYPRESSSOCIETY,Tathawade",Maharashtra,Pune,Pune,L LVD Cut,11-03-2026 15:55,11-03-2026 15:56,00:00:32,5.28,3.7,0,'861919082015818,SOBT,11-03-2026 15:55,11-03-2026 15:56,"Level-1, Status-DIALING, Number-9975894886; Level-2, Status-DIALING, Number-8888806810"
ST-MAH-OD-0066,"GANGACYPRESSSOCIETY,Tathawade",Maharashtra,Pune,Pune,L LVD Cut,11-03-2026 15:52,11-03-2026 15:54,00:02:22,53.7,53.28,0,'861919082015818,SOBT,11-03-2026 00:00,11-03-2026 15:53,"Level-1, Status-DIALING, Number-9975894886; Level-2, Status-DIALING, Number-8888806810"
ST-DELHI-HPSC-047,HPSC_Dhana(126) GGN_2,Delhi,Delhi,Delhi,L LVD Cut,11-03-2026 15:21,11-03-2026 15:22,00:00:33,53,53.5,0,'866082076610022,SOEB,11-03-2026 15:08,11-03-2026 15:22,"Level-1, Status-DIALING, Number-8395061400; Level-2, Status-DIALING, Number-8395061400"
ST-DELHI-MACRO-010,NOD_Sector 141_2,Delhi,Noida,Noida,Mains Failed,11-03-2026 15:05,11-03-2026 15:05,00:00:23,54.57,54.57,0,'866082076631002,SOEB,11-03-2026 12:14,12-03-2026 00:00,"Level-1, Status-DIALING, Number-9717185678; Level-2, Status-DIALING, Number-8395061400"
ST-DELHI-HPSC-047,HPSC_Dhana(126) GGN_2,Delhi,Delhi,Delhi,Fiber cut,11-03-2026 15:02,11-03-2026 15:55,00:52:44,53,53,0,'866082076610022,SOEB,11-03-2026 00:00,11-03-2026 15:06,"Level-1, Status-DIALING, Number-8395061400; Level-2, Status-DIALING, Number-8395061400"
ST-KOL-LMAC-001,HOWRAH DASNAGAR_71,West Bengal,Kolkata,Kolkata,Mains Failed,11-03-2026 14:26,11-03-2026 14:28,00:02:29,0,0,0,'861919084310183,SOEB,11-03-2026 00:00,12-03-2026 00:00,"Level-1, Status-DIALING, Number-9800291987; Level-2, Status-DIALING, Number-7003719849"
ST-MAH-OD-0064,LonikalbharKunjirwadi,Maharashtra,Pune,Pune,L LVD Cut,11-03-2026 14:12,11-03-2026 15:39,01:27:21,48.57,1.92,0,'869742088992570,SOBT,11-03-2026 13:24,11-03-2026 15:40,"Level-1, Status-DIALING, Number-9975894886; Level-2, Status-DIALING, Number-8888806810"
ST-MAH-OD-0061,Rajguru colonyTalegaonDabhade,Maharashtra,Pune,Pune,L LVD Cut,11-03-2026 12:35,11-03-2026 12:36,00:00:17,49.35,49.35,0,'869742089164401,SOEB,11-03-2026 12:19,11-03-2026 12:36,"Level-1, Status-DIALING, Number-9975894886; Level-2, Status-DIALING, Number-8888806810"
ST-DELHI-HPSC-262,HPSC_GBD_Gharoli_Khora_Colony,Delhi,North Delhi,North Delhi,Mains Failed,11-03-2026 12:28,12-03-2026 06:52,18:24:24,0,0,0,'866082076649947,SOEB,-,-,"Level-1, Status-DIALING, Number-8448102503; Level-2, Status-DIALING, Number-8395061400"
ST-KOL-LMAC-001,HOWRAH DASNAGAR_71,West Bengal,Kolkata,Kolkata,Mains Failed,11-03-2026 12:21,11-03-2026 12:25,00:03:58,0,0,0,'861919084310183,SOEB,11-03-2026 00:00,12-03-2026 00:00,"Level-1, Status-DIALING, Number-9800291987; Level-2, Status-DIALING, Number-7003719849"
ST-MAH-OD-0061,Rajguru colonyTalegaonDabhade,Maharashtra,Pune,Pune,L LVD Cut,11-03-2026 12:15,11-03-2026 12:17,00:02:04,52.57,52.71,0,'869742089164401,SOBT,11-03-2026 00:00,11-03-2026 12:19,"Level-1, Status-DIALING, Number-9975894886; Level-2, Status-DIALING, Number-8888806810"
ST-DELHI-MACRO-22,SECTOR 39 GGN_3,Delhi,Delhi,Delhi,L LVD Cut,11-03-2026 11:16,11-03-2026 11:19,00:03:08,0,654.86,0,'866082076647669,SOEB,11-03-2026 00:00,12-03-2026 00:00,"Level-1, Status-DIALING, Number-8395061400; Level-2, Status-DIALING, Number-8395061400"
ST-DELHI-MACRO-010,NOD_Sector 141_2,Delhi,Noida,Noida,Mains Failed,11-03-2026 09:59,11-03-2026 10:16,00:16:17,53.86,49.23,0,'866082076631002,SOEB,11-03-2026 00:00,11-03-2026 12:12,"Level-1, Status-No.Block by Server, Number-9717185678; Level-2, Status-No.Block by Server, Number-8395061400"
ST-DELHI-HPSC-262,HPSC_GBD_Gharoli_Khora_Colony,Delhi,North Delhi,North Delhi,Mains Failed,11-03-2026 09:56,11-03-2026 12:18,02:21:56,0,0,0,'866082076649947,SOEB,-,-,"Level-1, Status-No.Block by Server, Number-8448102503; Level-2, Status-No.Block by Server, Number-8395061400"
ST-DELHI-HPSC-262,HPSC_GBD_Gharoli_Khora_Colony,Delhi,North Delhi,North Delhi,Mains Failed,11-03-2026 00:26,11-03-2026 09:50,09:23:55,0,0,0,'866082076649947,SOEB,-,-,"Level-1, Status-No.Block by Server, Number-8448102503; Level-2, Status-No.Block by Server, Number-8395061400"
ST-DELHI-MACRO-010,NOD_Sector 141_2,Delhi,Noida,Noida,Mains Failed,10-03-2026 19:13,10-03-2026 19:27,00:14:43,54.44,49.28,0,'866082076631002,SOEB,10-03-2026 00:00,11-03-2026 00:00,"Level-1, Status-DIALING, Number-9717185678; Level-2, Status-DIALING, Number-8395061400"
ST-DELHI-HPSC-232,HPSC_Zaildar Enclave_Hastsal_1,Delhi,Delhi,Delhi,L LVD Cut,10-03-2026 18:37,11-03-2026 10:28,15:50:36,53.3,53,0,'861919084309466,SOEB,10-03-2026 00:00,11-03-2026 00:00,"Level-1, Status-BUSY, Number-9315997041; Level-2, Status-No.Block by Server, Number-8395061400"
ST-DELHI-HPSC-259,HPSC_RoshanPuraaliasDichaonKhurd_2,Delhi,West Delhi,West Delhi,Fiber cut,10-03-2026 18:32,10-03-2026 18:38,00:05:59,0,0,0,'861919084309722,SOEB,10-03-2026 18:32,11-03-2026 00:00,"Level-1, Status-DIALING, Number-9193159970; Level-2, Status-DIALING, Number-8395061400; Level-3, Status-DIALING, Number-6397156643"
ST-DELHI-HPSC-259,HPSC_RoshanPuraaliasDichaonKhurd_2,Delhi,Ghaziabad,Ghaziabad,Fiber cut,10-03-2026 16:58,10-03-2026 16:58,00:00:09,0,0,0,'861919084311249,SOEB,10-03-2026 16:22,11-03-2026 00:00,-
ST-DELHI-HPSC-259,HPSC_RoshanPuraaliasDichaonKhurd_2,Delhi,Dwarka,DELHI NCR,L LVD Cut,10-03-2026 16:26,10-03-2026 16:29,00:03:29,653.36,652.36,0,'861919084311249,SOEB,10-03-2026 16:22,11-03-2026 00:00,-
ST-DELHI-HPSC-259,HPSC_RoshanPuraaliasDichaonKhurd_2,Delhi,Dwarka,DELHI NCR,Fiber cut,10-03-2026 16:22,Alarm is Active,-,654.86,-,0,'861919084311249,SOEB,10-03-2026 16:22,11-03-2026 00:00,"Level-1, Status-DIALING, Number-9193159970; Level-2, Status-DIALING, Number-8395061400"
ST-DELHI-HPSC-211,HPSC_Lad PurSaraswati Vihar_1,Delhi,Delhi,Delhi,Mains Failed,10-03-2026 16:16,13-03-2026 18:36,74:19:47,49.4,54,0,'866082076647370,SOEB,10-03-2026 16:16,11-03-2026 00:00,"Level-1, Status-DIALING, Number-9315997041; Level-2, Status-DIALING, Number-8395061400; Level-3, Status-DIALING, Number-6397156643"
ST_MUM_HPSC_052,Bhoir house,Mumbai,Mumbai,MUMBAI,Mains Failed,10-03-2026 14:06,12-03-2026 10:39,44:33:21,0,0,0,'867950079197842,SOEB,10-03-2026 00:00,11-03-2026 00:00,"Level-1, Status-DIALING, Number-7208501421; Level-2, Status-DIALING, Number-8097618466"
ST-DELHI-MACRO-010,NOD_Sector 141_2,Delhi,Noida,Noida,Mains Failed,10-03-2026 13:26,10-03-2026 13:29,00:03:22,49.78,49.78,0,'866082076631002,SOEB,10-03-2026 00:00,11-03-2026 00:00,"Level-1, Status-DIALING, Number-9717185678; Level-2, Status-DIALING, Number-8395061400"
ST-MAH-OD-0064,LonikalbharKunjirwadi,Maharashtra,Pune,Pune,L LVD Cut,10-03-2026 13:24,10-03-2026 13:26,00:02:06,49.21,49.28,0,'869742088992570,SOBT,10-03-2026 00:00,10-03-2026 13:25,"Level-1, Status-No.Block by Server, Number-9975894886; Level-2, Status-No.Block by Server, Number-8888806810"
ST-DELHI-MACRO-010,NOD_Sector 141_2,Delhi,Noida,Noida,Mains Failed,10-03-2026 12:56,10-03-2026 13:19,00:23:33,52.91,49.28,0,'866082076631002,SOEB,10-03-2026 00:00,11-03-2026 00:00,"Level-1, Status-DIALING, Number-9717185678; Level-2, Status-DIALING, Number-8395061400"
ST-DELHI-MACRO-010,NOD_Sector 141_2,Delhi,Noida,Noida,Mains Failed,10-03-2026 12:16,10-03-2026 12:22,00:06:34,54.55,48.7,0,'866082076631002,SOEB,10-03-2026 00:00,11-03-2026 00:00,"Level-1, Status-DIALING, Number-9717185678; Level-2, Status-DIALING, Number-8395061400"
ST-DELHI-HPSC-262,HPSC_GBD_Gharoli_Khora_Colony,Delhi,North Delhi,North Delhi,Mains Failed,10-03-2026 11:54,10-03-2026 14:15,02:20:57,0,0,0,'866082076649947,SOEB,-,-,"Level-1, Status-No.Block by Server, Number-8448102503; Level-2, Status-No.Block by Server, Number-8395061400"
ST-DELHI-HPSC-262,HPSC_GBD_Gharoli_Khora_Colony,Delhi,North Delhi,North Delhi,Mains Failed,10-03-2026 10:41,10-03-2026 11:47,01:06:05,0,0,0,'866082076649947,SOEB,-,-,"Level-1, Status-No.Block by Server, Number-8448102503; Level-2, Status-No.Block by Server, Number-8395061400"
ST-DELHI-MACRO-010,NOD_Sector 141_2,Delhi,Noida,Noida,Mains Failed,10-03-2026 08:47,10-03-2026 08:57,00:09:58,54.62,53.97,0,'866082076631002,SOEB,10-03-2026 00:00,11-03-2026 00:00,"Level-1, Status-DIALING, Number-9717185678; Level-2, Status-DIALING, Number-8395061400"
ST-MAH-OD-0053,Parkhe Vasti Susgaon,Maharashtra,Pune,Pune,L LVD Cut,10-03-2026 01:50,10-03-2026 05:06,03:16:11,47.78,0.78,0,'861919084282036,SOEB,10-03-2026 01:49,10-03-2026 01:50,"Level-1, Status-No.Block by Server, Number-9975894886; Level-2, Status-No.Block by Server, Number-9975894886"
ST-MAH-OD-0053,Parkhe Vasti Susgaon,Maharashtra,Pune,Pune,L LVD Cut,10-03-2026 01:32,10-03-2026 01:37,00:04:57,9.42,0.78,0,'861919084282036,SOBT,10-03-2026 00:00,10-03-2026 01:37,"Level-1, Status-No.Block by Server, Number-9975894886; Level-2, Status-No.Block by Server, Number-9975894886"
ST-MAH-OD-0053,Parkhe Vasti Susgaon,Maharashtra,Pune,Pune,L LVD Cut,09-03-2026 21:35,10-03-2026 01:31,03:55:59,4.35,0.78,0,'861919084282036,SOBT,09-03-2026 17:07,10-03-2026 00:00,"Level-1, Status-No.Block by Server, Number-9975894886; Level-2, Status-No.Block by Server, Number-9975894886"
ST-DELHI-MACRO-010,NOD_Sector 141_2,Delhi,Noida,Noida,Mains Failed,09-03-2026 21:18,09-03-2026 21:27,00:08:27,50.26,49.07,0,'866082076631002,SOEB,09-03-2026 00:00,10-03-2026 00:00,"Level-1, Status-NO DIALTONE, Number-9717185678; Level-2, Status-No.Block by Server, Number-8395061400"
ST-DELHI-MACRO-010,NOD_Sector 141_2,Delhi,Noida,Noida,Mains Failed,09-03-2026 21:04,09-03-2026 21:06,00:02:06,54.48,54.48,0,'866082076631002,SOEB,09-03-2026 00:00,10-03-2026 00:00,"Level-1, Status-DIALING, Number-9717185678; Level-2, Status-DIALING, Number-8395061400"
ST-DELHI-HPSC-232,HPSC_Zaildar Enclave_Hastsal_1,Delhi,Delhi,Delhi,L LVD Cut,09-03-2026 17:59,10-03-2026 10:07,16:07:33,53.3,53.3,0,'861919084309466,SOEB,09-03-2026 00:00,10-03-2026 00:00,"Level-1, Status-NO DIALTONE, Number-9315997041; Level-2, Status-No.Block by Server, Number-8395061400"
ST-DELHI-HPSC-211,HPSC_Lad PurSaraswati Vihar_1,Delhi,Delhi,Delhi,Mains Failed,09-03-2026 17:36,10-03-2026 15:37,22:00:54,47.9,53,0,'866082076647370,SOEB,09-03-2026 17:36,10-03-2026 00:00,"Level-1, Status-DIALING, Number-9315997041; Level-2, Status-DIALING, Number-8395061400; Level-3, Status-DIALING, Number-6397156643"
ST-DELHI-HPSC-262,HPSC_GBD_Gharoli_Khora_Colony,Delhi,North Delhi,North Delhi,Mains Failed,09-03-2026 16:21,09-03-2026 19:39,03:18:05,0,0,0,'866082076649947,SOEB,-,-,"Level-1, Status-No.Block by Server, Number-8448102503; Level-2, Status-No.Block by Server, Number-8395061400"
ST-DELHI-MACRO-010,NOD_Sector 141_2,Delhi,Noida,Noida,Mains Failed,09-03-2026 16:17,09-03-2026 16:31,00:13:35,48.79,49.29,0,'866082076631002,SOEB,09-03-2026 00:00,10-03-2026 00:00,"Level-1, Status-DIALING, Number-9717185678; Level-2, Status-DIALING, Number-8395061400"
ST-DELHI-MACRO-010,NOD_Sector 141_2,Delhi,Noida,Noida,Mains Failed,09-03-2026 16:11,09-03-2026 16:14,00:03:31,54.52,48.79,0,'866082076631002,SOEB,09-03-2026 00:00,10-03-2026 00:00,"Level-1, Status-DIALING, Number-9717185678; Level-2, Status-DIALING, Number-8395061400"
ST-MAH-OD-0068,RamtekdiIndustrialArea,Maharashtra,Pune,Pune,L LVD Cut,09-03-2026 14:53,09-03-2026 14:54,00:01:23,53.78,53.64,0,'861919082016311,SOBT,09-03-2026 00:00,10-03-2026 00:00,"Level-1, Status-No.Block by Server, Number-9975894886; Level-2, Status-No.Block by Server, Number-8888806810"
ST-MAH-OD-0068,RamtekdiIndustrialArea,Maharashtra,Pune,Pune,L LVD Cut,09-03-2026 14:45,09-03-2026 14:46,00:01:17,4.7,53.64,0,'861919082016311,SOBT,09-03-2026 00:00,10-03-2026 00:00,"Level-1, Status-No.Block by Server, Number-9975894886; Level-2, Status-No.Block by Server, Number-8888806810"
ST-DELHI-HPSC-233,HPSC_Sector10,Delhi,Noida,Noida,Fiber cut,09-03-2026 12:07,09-03-2026 12:13,00:05:32,49.7,53.4,0,'861919084309953,SOEB,09-03-2026 12:07,09-03-2026 18:49,-
ST-DELHI-HPSC-233,HPSC_Sector10,Delhi,Noida,Noida,Fiber cut,09-03-2026 11:54,09-03-2026 11:57,00:02:46,53.3,53.4,0,'861919084309953,SOEB,09-03-2026 11:24,09-03-2026 12:03,-
ST_MUM_HPSC_051,Sadan Height,Mumbai,Mumbai,MUMBAI,Mains Failed,09-03-2026 11:04,12-03-2026 00:44,61:39:45,0,0,0,'866082076645986,SOEB,09-03-2026 00:00,10-03-2026 00:00,"Level-1, Status-DIALING, Number-9833144457; Level-2, Status-DIALING, Number-8097618466"
ST-DELHI-MACRO-010,NOD_Sector 141_2,Delhi,Noida,Noida,Mains Failed,09-03-2026 10:48,09-03-2026 10:58,00:09:59,48.84,49.54,0,'866082076631002,SOEB,09-03-2026 00:00,10-03-2026 00:00,"Level-1, Status-BUSY, Number-9717185678; Level-2, Status-No.Block by Server, Number-8395061400"
ST-DELHI-HPSC-262,HPSC_GBD_Gharoli_Khora_Colony,Delhi,North Delhi,North Delhi,Mains Failed,09-03-2026 08:59,09-03-2026 16:18,07:18:47,0,0,0,'866082076649947,SOEB,-,-,"Level-1, Status-No.Block by Server, Number-8448102503; Level-2, Status-No.Block by Server, Number-8395061400"
ST-DELHI-MACRO-010,NOD_Sector 141_2,Delhi,Noida,Noida,Mains Failed,09-03-2026 08:41,09-03-2026 09:01,00:19:57,54.49,49.12,0,'866082076631002,SOEB,09-03-2026 00:00,10-03-2026 00:00,"Level-1, Status-DIALING, Number-9717185678; Level-2, Status-DIALING, Number-8395061400"
ST-DELHI-HPSC-262,HPSC_GBD_Gharoli_Khora_Colony,Delhi,North Delhi,North Delhi,Mains Failed,09-03-2026 07:32,09-03-2026 08:13,00:41:06,0,0,0,'866082076649947,SOEB,-,-,"Level-1, Status-No.Block by Server, Number-8448102503; Level-2, Status-No.Block by Server, Number-8395061400"
ST-DELHI-HPSC-322,HPSC_GBD_Partap_Vihar_Khora,Delhi,Ghaziabad,Ghaziabad,L LVD Cut,09-03-2026 04:55,09-03-2026 05:00,00:04:29,54.5,54.5,0,'861919084283281,SOEB,09-03-2026 02:12,09-03-2026 09:28,"Level-1, Status-No.Block by Server, Number-8448102503; Level-2, Status-No.Block by Server, Number-8395061400"
ST-DELHI-HPSC-322,HPSC_GBD_Partap_Vihar_Khora,Delhi,Ghaziabad,Ghaziabad,L LVD Cut,09-03-2026 03:47,09-03-2026 04:33,00:46:18,49.1,49.1,0,'861919084283281,SOEB,09-03-2026 02:12,09-03-2026 09:28,"Level-1, Status-No.Block by Server, Number-8448102503; Level-2, Status-No.Block by Server, Number-8395061400"
ST-DELHI-HPSC-262,HPSC_GBD_Gharoli_Khora_Colony,Delhi,North Delhi,North Delhi,Mains Failed,09-03-2026 01:32,09-03-2026 07:28,05:55:30,0,0,0,'866082076649947,SOEB,-,-,"Level-1, Status-No.Block by Server, Number-8448102503; Level-2, Status-No.Block by Server, Number-8395061400"
ST-MAH-OD-0036,Borade Bankar Wasti Moshi,Maharashtra,Pune,Pune,L LVD Cut,09-03-2026 00:37,09-03-2026 01:41,01:04:27,47.85,0.85,0,'861919084260586,SOEB,09-03-2026 00:37,09-03-2026 00:37,"Level-1, Status-No.Block by Server, Number-9975894886; Level-2, Status-No.Block by Server, Number-9975894886; Level-3, Status-No.Block by Server, Number-8888806810"
ST_MUM_HPSC_0067,Vinod Panchal Industrial Estate,Mumbai,Mumbai,MUMBAI,Fiber cut,09-03-2026 00:25,09-03-2026 11:16,10:51:01,53,53.3,0,'867950079198139,SOEB,09-03-2026 00:00,10-03-2026 00:00,"Level-1, Status-DIALING, Number-9029208855; Level-2, Status-DIALING, Number-8097618466"
,,,,,,,,,,,,,,,,
,,,,,,,,,,,,,,,,
,,,,,,,,,,,,,,,,
,,,,,,,,,,,,,,,,
,,,,,,,,,,,,,,,,
,,,,,,,,,,,,,,,,
,,,,,,,,,,,,,,,,
,,,,,,,,,,,,,,,,
,,,,,,,,,,,,,,,,
,,,,,,,,,,,,,,,,
,,,,,,,,,,,,,,,,
,,,,,,,,,,,,,,,,
,,,,,,,,,,,,,,,,
,,,,,,,,,,,,,,,,
,,,,,,,,,,,,,,,,
,,,,,,,,,,,,,,,,
,,,,,,,,,,,,,,,,
,,,,,,,,,,,,,,,,
,,,,,,,,,,,,,,,,
,,,,,,,,,,,,,,,,
,,,,,,,,,,,,,,,,
,,,,,,,,,,,,,,,,
,,,,,,,,,,,,,,,,
,,,,,,,,,,,,,,,,
,,,,,,,,,,,,,,,,
,,,,,,,,,,,,,,,,
,,,,,,,,,,,,,,,,
,,,,,,,,,,,,,,,,
,,,,,,,,,,,,,,,,
,,,,,,,,,,,,,,,,
,,,,,,,,,,,,,,,,
,,,,,,,,,,,,,,,,
,,,,,,,,,,,,,,,,
,,,,,,,,,,,,,,,,
,,,,,,,,,,,,,,,,
,,,,,,,,,,,,,,,,
,,,,,,,,,,,,,,,,
,,,,,,,,,,,,,,,,
,,,,,,,,,,,,,,,,
,,,,,,,,,,,,,,,,
,,,,,,,,,,,,,,,,
,,,,,,,,,,,,,,,,
,,,,,,,,,,,,,,,,
,,,,,,,,,,,,,,,,
,,,,,,,,,,,,,,,,
,,,,,,,,,,,,,,,,
,,,,,,,,,,,,,,,,
,,,,,,,,,,,,,,,,
,,,,,,,,,,,,,,,,
,,,,,,,,,,,,,,,,
,,,,,,,,,,,,,,,,
,,,,,,,,,,,,,,,,
,,,,,,,,,,,,,,,,
,,,,,,,,,,,,,,,,
,,,,,,,,,,,,,,,,
,,,,,,,,,,,,,,,,
,,,,,,,,,,,,,,,,
,,,,,,,,,,,,,,,,
,,,,,,,,,,,,,,,,
,,,,,,,,,,,,,,,,
,,,,,,,,,,,,,,,,
,,,,,,,,,,,,,,,,
,,,,,,,,,,,,,,,,
,,,,,,,,,,,,,,,,
,,,,,,,,,,,,,,,,
,,,,,,,,,,,,,,,,
,,,,,,,,,,,,,,,,
,,,,,,,,,,,,,,,,
,,,,,,,,,,,,,,,,
,,,,,,,,,,,,,,,,
,,,,,,,,,,,,,,,,
,,,,,,,,,,,,,,,,
,,,,,,,,,,,,,,,,
,,,,,,,,,,,,,,,,
,,,,,,,,,,,,,,,,
,,,,,,,,,,,,,,,,
,,,,,,,,,,,,,,,,
,,,,,,,,,,,,,,,,
,,,,,,,,,,,,,,,,
,,,,,,,,,,,,,,,,
,,,,,,,,,,,,,,,,
,,,,,,,,,,,,,,,,
,,,,,,,,,,,,,,,,
,,,,,,,,,,,,,,,,
,,,,,,,,,,,,,,,,
,,,,,,,,,,,,,,,,
,,,,,,,,,,,,,,,,
,,,,,,,,,,,,,,,,
,,,,,,,,,,,,,,,,
,,,,,,,,,,,,,,,,
,,,,,,,,,,,,,,,,
,,,,,,,,,,,,,,,,
,,,,,,,,,,,,,,,,
,,,,,,,,,,,,,,,,
,,,,,,,,,,,,,,,,
,,,,,,,,,,,,,,,,
,,,,,,,,,,,,,,,,
,,,,,,,,,,,,,,,,
,,,,,,,,,,,,,,,,
,,,,,,,,,,,,,,,,
,,,,,,,,,,,,,,,,
,,,,,,,,,,,,,,,,
,,,,,,,,,,,,,,,,
,,,,,,,,,,,,,,,,
,,,,,,,,,,,,,,,,
,,,,,,,,,,,,,,,,
,,,,,,,,,,,,,,,,
,,,,,,,,,,,,,,,,
,,,,,,,,,,,,,,,,
,,,,,,,,,,,,,,,,
,,,,,,,,,,,,,,,,
,,,,,,,,,,,,,,,,
,,,,,,,,,,,,,,,,
,,,,,,,,,,,,,,,,
,,,,,,,,,,,,,,,,
,,,,,,,,,,,,,,,,
,,,,,,,,,,,,,,,,
,,,,,,,,,,,,,,,,
,,,,,,,,,,,,,,,,
,,,,,,,,,,,,,,,,
,,,,,,,,,,,,,,,,
,,,,,,,,,,,,,,,,
,,,,,,,,,,,,,,,,
,,,,,,,,,,,,,,,,
,,,,,,,,,,,,,,,,
,,,,,,,,,,,,,,,,
,,,,,,,,,,,,,,,,
,,,,,,,,,,,,,,,,
,,,,,,,,,,,,,,,,
,,,,,,,,,,,,,,,,
,,,,,,,,,,,,,,,,
,,,,,,,,,,,,,,,,
,,,,,,,,,,,,,,,,
,,,,,,,,,,,,,,,,
,,,,,,,,,,,,,,,,
,,,,,,,,,,,,,,,,
,,,,,,,,,,,,,,,,
,,,,,,,,,,,,,,,,
,,,,,,,,,,,,,,,,
,,,,,,,,,,,,,,,,
,,,,,,,,,,,,,,,,
,,,,,,,,,,,,,,,,
,,,,,,,,,,,,,,,,
,,,,,,,,,,,,,,,,
,,,,,,,,,,,,,,,,
,,,,,,,,,,,,,,,,
,,,,,,,,,,,,,,,,
,,,,,,,,,,,,,,,,
,,,,,,,,,,,,,,,,
,,,,,,,,,,,,,,,,
,,,,,,,,,,,,,,,,
,,,,,,,,,,,,,,,,
,,,,,,,,,,,,,,,,
,,,,,,,,,,,,,,,,
,,,,,,,,,,,,,,,,
,,,,,,,,,,,,,,,,
,,,,,,,,,,,,,,,,
,,,,,,,,,,,,,,,,
,,,,,,,,,,,,,,,,
,,,,,,,,,,,,,,,,
,,,,,,,,,,,,,,,,
,,,,,,,,,,,,,,,,
,,,,,,,,,,,,,,,,
,,,,,,,,,,,,,,,,
,,,,,,,,,,,,,,,,
,,,,,,,,,,,,,,,,
,,,,,,,,,,,,,,,,
,,,,,,,,,,,,,,,,
,,,,,,,,,,,,,,,,
,,,,,,,,,,,,,,,,
,,,,,,,,,,,,,,,,
,,,,,,,,,,,,,,,,
,,,,,,,,,,,,,,,,
,,,,,,,,,,,,,,,,
,,,,,,,,,,,,,,,,
,,,,,,,,,,,,,,,,
,,,,,,,,,,,,,,,,
,,,,,,,,,,,,,,,,
,,,,,,,,,,,,,,,,
,,,,,,,,,,,,,,,,
,,,,,,,,,,,,,,,,
,,,,,,,,,,,,,,,,
,,,,,,,,,,,,,,,,
,,,,,,,,,,,,,,,,
,,,,,,,,,,,,,,,,
,,,,,,,,,,,,,,,,
,,,,,,,,,,,,,,,,
,,,,,,,,,,,,,,,,
,,,,,,,,,,,,,,,,
,,,,,,,,,,,,,,,,
,,,,,,,,,,,,,,,,
,,,,,,,,,,,,,,,,
,,,,,,,,,,,,,,,,
,,,,,,,,,,,,,,,,
,,,,,,,,,,,,,,,,
,,,,,,,,,,,,,,,,
,,,,,,,,,,,,,,,,
,,,,,,,,,,,,,,,,
,,,,,,,,,,,,,,,,
,,,,,,,,,,,,,,,,
,,,,,,,,,,,,,,,,
,,,,,,,,,,,,,,,,
,,,,,,,,,,,,,,,,
,,,,,,,,,,,,,,,,
,,,,,,,,,,,,,,,,
,,,,,,,,,,,,,,,,
,,,,,,,,,,,,,,,,
,,,,,,,,,,,,,,,,
,,,,,,,,,,,,,,,,
,,,,,,,,,,,,,,,,
,,,,,,,,,,,,,,,,
,,,,,,,,,,,,,,,,
,,,,,,,,,,,,,,,,
,,,,,,,,,,,,,,,,
,,,,,,,,,,,,,,,,
,,,,,,,,,,,,,,,,
,,,,,,,,,,,,,,,,
,,,,,,,,,,,,,,,,
,,,,,,,,,,,,,,,,
,,,,,,,,,,,,,,,,
,,,,,,,,,,,,,,,,
,,,,,,,,,,,,,,,,
,,,,,,,,,,,,,,,,
,,,,,,,,,,,,,,,,
,,,,,,,,,,,,,,,,
,,,,,,,,,,,,,,,,
,,,,,,,,,,,,,,,,
,,,,,,,,,,,,,,,,
,,,,,,,,,,,,,,,,
,,,,,,,,,,,,,,,,
,,,,,,,,,,,,,,,,
,,,,,,,,,,,,,,,,
,,,,,,,,,,,,,,,,
,,,,,,,,,,,,,,,,
,,,,,,,,,,,,,,,,
,,,,,,,,,,,,,,,,
,,,,,,,,,,,,,,,,
,,,,,,,,,,,,,,,,
,,,,,,,,,,,,,,,,
,,,,,,,,,,,,,,,,
,,,,,,,,,,,,,,,,
,,,,,,,,,,,,,,,,
,,,,,,,,,,,,,,,,
,,,,,,,,,,,,,,,,
,,,,,,,,,,,,,,,,
,,,,,,,,,,,,,,,,
,,,,,,,,,,,,,,,,
,,,,,,,,,,,,,,,,
,,,,,,,,,,,,,,,,
,,,,,,,,,,,,,,,,
,,,,,,,,,,,,,,,,
,,,,,,,,,,,,,,,,
,,,,,,,,,,,,,,,,
,,,,,,,,,,,,,,,,
,,,,,,,,,,,,,,,,
,,,,,,,,,,,,,,,,
,,,,,,,,,,,,,,,,
,,,,,,,,,,,,,,,,
,,,,,,,,,,,,,,,,
,,,,,,,,,,,,,,,,
,,,,,,,,,,,,,,,,
,,,,,,,,,,,,,,,,
,,,,,,,,,,,,,,,,
,,,,,,,,,,,,,,,,
,,,,,,,,,,,,,,,,
,,,,,,,,,,,,,,,,
,,,,,,,,,,,,,,,,
,,,,,,,,,,,,,,,,
,,,,,,,,,,,,,,,,
,,,,,,,,,,,,,,,,
,,,,,,,,,,,,,,,,
,,,,,,,,,,,,,,,,
,,,,,,,,,,,,,,,,
,,,,,,,,,,,,,,,,
,,,,,,,,,,,,,,,,
,,,,,,,,,,,,,,,,
,,,,,,,,,,,,,,,,
,,,,,,,,,,,,,,,,
,,,,,,,,,,,,,,,,
,,,,,,,,,,,,,,,,
,,,,,,,,,,,,,,,,
,,,,,,,,,,,,,,,,
,,,,,,,,,,,,,,,,
,,,,,,,,,,,,,,,,
,,,,,,,,,,,,,,,,
,,,,,,,,,,,,,,,,
,,,,,,,,,,,,,,,,
,,,,,,,,,,,,,,,,
,,,,,,,,,,,,,,,,
,,,,,,,,,,,,,,,,
,,,,,,,,,,,,,,,,
,,,,,,,,,,,,,,,,
,,,,,,,,,,,,,,,,
,,,,,,,,,,,,,,,,
,,,,,,,,,,,,,,,,
,,,,,,,,,,,,,,,,
,,,,,,,,,,,,,,,,
,,,,,,,,,,,,,,,,
,,,,,,,,,,,,,,,,
,,,,,,,,,,,,,,,,
,,,,,,,,,,,,,,,,
,,,,,,,,,,,,,,,,
,,,,,,,,,,,,,,,,
,,,,,,,,,,,,,,,,
,,,,,,,,,,,,,,,,
,,,,,,,,,,,,,,,,
,,,,,,,,,,,,,,,,
,,,,,,,,,,,,,,,,
,,,,,,,,,,,,,,,,
,,,,,,,,,,,,,,,,
,,,,,,,,,,,,,,,,
,,,,,,,,,,,,,,,,
,,,,,,,,,,,,,,,,
,,,,,,,,,,,,,,,,
,,,,,,,,,,,,,,,,
,,,,,,,,,,,,,,,,
,,,,,,,,,,,,,,,,
,,,,,,,,,,,,,,,,
,,,,,,,,,,,,,,,,
,,,,,,,,,,,,,,,,
,,,,,,,,,,,,,,,,
,,,,,,,,,,,,,,,,
,,,,,,,,,,,,,,,,
,,,,,,,,,,,,,,,,
,,,,,,,,,,,,,,,,
,,,,,,,,,,,,,,,,
,,,,,,,,,,,,,,,,
,,,,,,,,,,,,,,,,
,,,,,,,,,,,,,,,,
,,,,,,,,,,,,,,,,
,,,,,,,,,,,,,,,,
,,,,,,,,,,,,,,,,
,,,,,,,,,,,,,,,,
,,,,,,,,,,,,,,,,
,,,,,,,,,,,,,,,,
,,,,,,,,,,,,,,,,
,,,,,,,,,,,,,,,,
,,,,,,,,,,,,,,,,
,,,,,,,,,,,,,,,,
,,,,,,,,,,,,,,,,
,,,,,,,,,,,,,,,,
,,,,,,,,,,,,,,,,
,,,,,,,,,,,,,,,,
,,,,,,,,,,,,,,,,
,,,,,,,,,,,,,,,,
,,,,,,,,,,,,,,,,
,,,,,,,,,,,,,,,,
,,,,,,,,,,,,,,,,
,,,,,,,,,,,,,,,,
,,,,,,,,,,,,,,,,
,,,,,,,,,,,,,,,,
,,,,,,,,,,,,,,,,
,,,,,,,,,,,,,,,,
,,,,,,,,,,,,,,,,
,,,,,,,,,,,,,,,,
,,,,,,,,,,,,,,,,
,,,,,,,,,,,,,,,,
,,,,,,,,,,,,,,,,
,,,,,,,,,,,,,,,,
,,,,,,,,,,,,,,,,
,,,,,,,,,,,,,,,,
,,,,,,,,,,,,,,,,
,,,,,,,,,,,,,,,,
,,,,,,,,,,,,,,,,
,,,,,,,,,,,,,,,,
,,,,,,,,,,,,,,,,
,,,,,,,,,,,,,,,,
,,,,,,,,,,,,,,,,
,,,,,,,,,,,,,,,,
,,,,,,,,,,,,,,,,
,,,,,,,,,,,,,,,,
,,,,,,,,,,,,,,,,
,,,,,,,,,,,,,,,,
,,,,,,,,,,,,,,,,
,,,,,,,,,,,,,,,,
,,,,,,,,,,,,,,,,
,,,,,,,,,,,,,,,,
,,,,,,,,,,,,,,,,
,,,,,,,,,,,,,,,,
,,,,,,,,,,,,,,,,
,,,,,,,,,,,,,,,,
,,,,,,,,,,,,,,,,
,,,,,,,,,,,,,,,,
,,,,,,,,,,,,,,,,
,,,,,,,,,,,,,,,,
,,,,,,,,,,,,,,,,
,,,,,,,,,,,,,,,,
,,,,,,,,,,,,,,,,
,,,,,,,,,,,,,,,,
,,,,,,,,,,,,,,,,
,,,,,,,,,,,,,,,,
,,,,,,,,,,,,,,,,
,,,,,,,,,,,,,,,,
,,,,,,,,,,,,,,,,
,,,,,,,,,,,,,,,,
,,,,,,,,,,,,,,,,
,,,,,,,,,,,,,,,,
,,,,,,,,,,,,,,,,
,,,,,,,,,,,,,,,,
,,,,,,,,,,,,,,,,
,,,,,,,,,,,,,,,,
,,,,,,,,,,,,,,,,
,,,,,,,,,,,,,,,,
,,,,,,,,,,,,,,,,
,,,,,,,,,,,,,,,,
,,,,,,,,,,,,,,,,
,,,,,,,,,,,,,,,,
,,,,,,,,,,,,,,,,
,,,,,,,,,,,,,,,,
,,,,,,,,,,,,,,,,
,,,,,,,,,,,,,,,,
,,,,,,,,,,,,,,,,
,,,,,,,,,,,,,,,,
,,,,,,,,,,,,,,,,
,,,,,,,,,,,,,,,,
,,,,,,,,,,,,,,,,
,,,,,,,,,,,,,,,,
,,,,,,,,,,,,,,,,
,,,,,,,,,,,,,,,,
,,,,,,,,,,,,,,,,
,,,,,,,,,,,,,,,,
,,,,,,,,,,,,,,,,
,,,,,,,,,,,,,,,,
,,,,,,,,,,,,,,,,
,,,,,,,,,,,,,,,,
,,,,,,,,,,,,,,,,
,,,,,,,,,,,,,,,,
,,,,,,,,,,,,,,,,
,,,,,,,,,,,,,,,,
,,,,,,,,,,,,,,,,
,,,,,,,,,,,,,,,,
,,,,,,,,,,,,,,,,
,,,,,,,,,,,,,,,,
,,,,,,,,,,,,,,,,
,,,,,,,,,,,,,,,,
,,,,,,,,,,,,,,,,
,,,,,,,,,,,,,,,,
,,,,,,,,,,,,,,,,
,,,,,,,,,,,,,,,,
,,,,,,,,,,,,,,,,
,,,,,,,,,,,,,,,,
,,,,,,,,,,,,,,,,
,,,,,,,,,,,,,,,,
,,,,,,,,,,,,,,,,
,,,,,,,,,,,,,,,,
,,,,,,,,,,,,,,,,
,,,,,,,,,,,,,,,,
,,,,,,,,,,,,,,,,
,,,,,,,,,,,,,,,,
,,,,,,,,,,,,,,,,
,,,,,,,,,,,,,,,,
,,,,,,,,,,,,,,,,
,,,,,,,,,,,,,,,,
,,,,,,,,,,,,,,,,
,,,,,,,,,,,,,,,,
,,,,,,,,,,,,,,,,
,,,,,,,,,,,,,,,,
,,,,,,,,,,,,,,,,
,,,,,,,,,,,,,,,,
,,,,,,,,,,,,,,,,
,,,,,,,,,,,,,,,,
,,,,,,,,,,,,,,,,
,,,,,,,,,,,,,,,,
,,,,,,,,,,,,,,,,
,,,,,,,,,,,,,,,,
,,,,,,,,,,,,,,,,
,,,,,,,,,,,,,,,,
,,,,,,,,,,,,,,,,
,,,,,,,,,,,,,,,,
,,,,,,,,,,,,,,,,
,,,,,,,,,,,,,,,,
,,,,,,,,,,,,,,,,
,,,,,,,,,,,,,,,,
,,,,,,,,,,,,,,,,
,,,,,,,,,,,,,,,,
,,,,,,,,,,,,,,,,
,,,,,,,,,,,,,,,,
,,,,,,,,,,,,,,,,
,,,,,,,,,,,,,,,,
,,,,,,,,,,,,,,,,
,,,,,,,,,,,,,,,,
,,,,,,,,,,,,,,,,
,,,,,,,,,,,,,,,,
,,,,,,,,,,,,,,,,
,,,,,,,,,,,,,,,,
,,,,,,,,,,,,,,,,
,,,,,,,,,,,,,,,,
,,,,,,,,,,,,,,,,
,,,,,,,,,,,,,,,,
,,,,,,,,,,,,,,,,
,,,,,,,,,,,,,,,,
,,,,,,,,,,,,,,,,
,,,,,,,,,,,,,,,,
,,,,,,,,,,,,,,,,
,,,,,,,,,,,,,,,,
,,,,,,,,,,,,,,,,
,,,,,,,,,,,,,,,,
,,,,,,,,,,,,,,,,
,,,,,,,,,,,,,,,,
,,,,,,,,,,,,,,,,
,,,,,,,,,,,,,,,,
,,,,,,,,,,,,,,,,
,,,,,,,,,,,,,,,,
,,,,,,,,,,,,,,,,
,,,,,,,,,,,,,,,,
,,,,,,,,,,,,,,,,
,,,,,,,,,,,,,,,,
,,,,,,,,,,,,,,,,
,,,,,,,,,,,,,,,,
,,,,,,,,,,,,,,,,
,,,,,,,,,,,,,,,,
,,,,,,,,,,,,,,,,
,,,,,,,,,,,,,,,,
,,,,,,,,,,,,,,,,
,,,,,,,,,,,,,,,,
,,,,,,,,,,,,,,,,
,,,,,,,,,,,,,,,,
,,,,,,,,,,,,,,,,
,,,,,,,,,,,,,,,,
,,,,,,,,,,,,,,,,
,,,,,,,,,,,,,,,,
,,,,,,,,,,,,,,,,
,,,,,,,,,,,,,,,,
,,,,,,,,,,,,,,,,
,,,,,,,,,,,,,,,,
,,,,,,,,,,,,,,,,
,,,,,,,,,,,,,,,,
,,,,,,,,,,,,,,,,
,,,,,,,,,,,,,,,,
,,,,,,,,,,,,,,,,
,,,,,,,,,,,,,,,,
,,,,,,,,,,,,,,,,
,,,,,,,,,,,,,,,,
,,,,,,,,,,,,,,,,
,,,,,,,,,,,,,,,,
,,,,,,,,,,,,,,,,
,,,,,,,,,,,,,,,,
,,,,,,,,,,,,,,,,
,,,,,,,,,,,,,,,,
,,,,,,,,,,,,,,,,
,,,,,,,,,,,,,,,,
,,,,,,,,,,,,,,,,
,,,,,,,,,,,,,,,,
,,,,,,,,,,,,,,,,
,,,,,,,,,,,,,,,,
,,,,,,,,,,,,,,,,
,,,,,,,,,,,,,,,,
,,,,,,,,,,,,,,,,
,,,,,,,,,,,,,,,,
,,,,,,,,,,,,,,,,
,,,,,,,,,,,,,,,,
,,,,,,,,,,,,,,,,
,,,,,,,,,,,,,,,,
,,,,,,,,,,,,,,,,
,,,,,,,,,,,,,,,,
,,,,,,,,,,,,,,,,
,,,,,,,,,,,,,,,,
,,,,,,,,,,,,,,,,
,,,,,,,,,,,,,,,,
,,,,,,,,,,,,,,,,
,,,,,,,,,,,,,,,,
,,,,,,,,,,,,,,,,
,,,,,,,,,,,,,,,,
,,,,,,,,,,,,,,,,
,,,,,,,,,,,,,,,,
,,,,,,,,,,,,,,,,
,,,,,,,,,,,,,,,,
,,,,,,,,,,,,,,,,
,,,,,,,,,,,,,,,,
,,,,,,,,,,,,,,,,
,,,,,,,,,,,,,,,,
,,,,,,,,,,,,,,,,
,,,,,,,,,,,,,,,,
,,,,,,,,,,,,,,,,
,,,,,,,,,,,,,,,,
,,,,,,,,,,,,,,,,
,,,,,,,,,,,,,,,,
,,,,,,,,,,,,,,,,
,,,,,,,,,,,,,,,,
,,,,,,,,,,,,,,,,
,,,,,,,,,,,,,,,,
,,,,,,,,,,,,,,,,
,,,,,,,,,,,,,,,,
,,,,,,,,,,,,,,,,
,,,,,,,,,,,,,,,,
,,,,,,,,,,,,,,,,
,,,,,,,,,,,,,,,,
,,,,,,,,,,,,,,,,
,,,,,,,,,,,,,,,,
,,,,,,,,,,,,,,,,
,,,,,,,,,,,,,,,,
,,,,,,,,,,,,,,,,
,,,,,,,,,,,,,,,,
,,,,,,,,,,,,,,,,
,,,,,,,,,,,,,,,,
,,,,,,,,,,,,,,,,
,,,,,,,,,,,,,,,,
,,,,,,,,,,,,,,,,
,,,,,,,,,,,,,,,,
,,,,,,,,,,,,,,,,
,,,,,,,,,,,,,,,,
,,,,,,,,,,,,,,,,
,,,,,,,,,,,,,,,,
,,,,,,,,,,,,,,,,
,,,,,,,,,,,,,,,,
,,,,,,,,,,,,,,,,
,,,,,,,,,,,,,,,,
,,,,,,,,,,,,,,,,
,,,,,,,,,,,,,,,,
,,,,,,,,,,,,,,,,
,,,,,,,,,,,,,,,,
,,,,,,,,,,,,,,,,
,,,,,,,,,,,,,,,,
,,,,,,,,,,,,,,,,
,,,,,,,,,,,,,,,,
,,,,,,,,,,,,,,,,
,,,,,,,,,,,,,,,,
,,,,,,,,,,,,,,,,
,,,,,,,,,,,,,,,,
,,,,,,,,,,,,,,,,
,,,,,,,,,,,,,,,,
,,,,,,,,,,,,,,,,
,,,,,,,,,,,,,,,,
,,,,,,,,,,,,,,,,
,,,,,,,,,,,,,,,,
,,,,,,,,,,,,,,,,
,,,,,,,,,,,,,,,,
,,,,,,,,,,,,,,,,
,,,,,,,,,,,,,,,,
,,,,,,,,,,,,,,,,
,,,,,,,,,,,,,,,,
,,,,,,,,,,,,,,,,
,,,,,,,,,,,,,,,,
,,,,,,,,,,,,,,,,
,,,,,,,,,,,,,,,,
,,,,,,,,,,,,,,,,
,,,,,,,,,,,,,,,,
,,,,,,,,,,,,,,,,
,,,,,,,,,,,,,,,,
,,,,,,,,,,,,,,,,
,,,,,,,,,,,,,,,,
,,,,,,,,,,,,,,,,
,,,,,,,,,,,,,,,,
,,,,,,,,,,,,,,,,
,,,,,,,,,,,,,,,,
,,,,,,,,,,,,,,,,
,,,,,,,,,,,,,,,,
,,,,,,,,,,,,,,,,
,,,,,,,,,,,,,,,,
,,,,,,,,,,,,,,,,
,,,,,,,,,,,,,,,,
,,,,,,,,,,,,,,,,
,,,,,,,,,,,,,,,,
,,,,,,,,,,,,,,,,
,,,,,,,,,,,,,,,,
,,,,,,,,,,,,,,,,
,,,,,,,,,,,,,,,,
,,,,,,,,,,,,,,,,
,,,,,,,,,,,,,,,,
,,,,,,,,,,,,,,,,
,,,,,,,,,,,,,,,,
,,,,,,,,,,,,,,,,
,,,,,,,,,,,,,,,,
,,,,,,,,,,,,,,,,
,,,,,,,,,,,,,,,,
,,,,,,,,,,,,,,,,
,,,,,,,,,,,,,,,,
,,,,,,,,,,,,,,,,
,,,,,,,,,,,,,,,,
,,,,,,,,,,,,,,,,
,,,,,,,,,,,,,,,,
,,,,,,,,,,,,,,,,
,,,,,,,,,,,,,,,,
,,,,,,,,,,,,,,,,
,,,,,,,,,,,,,,,,
,,,,,,,,,,,,,,,,
,,,,,,,,,,,,,,,,
,,,,,,,,,,,,,,,,
,,,,,,,,,,,,,,,,
,,,,,,,,,,,,,,,,
,,,,,,,,,,,,,,,,
,,,,,,,,,,,,,,,,
,,,,,,,,,,,,,,,,
,,,,,,,,,,,,,,,,
,,,,,,,,,,,,,,,,
,,,,,,,,,,,,,,,,
,,,,,,,,,,,,,,,,
,,,,,,,,,,,,,,,,
,,,,,,,,,,,,,,,,
,,,,,,,,,,,,,,,,
,,,,,,,,,,,,,,,,
,,,,,,,,,,,,,,,,
,,,,,,,,,,,,,,,,
,,,,,,,,,,,,,,,,
,,,,,,,,,,,,,,,,
,,,,,,,,,,,,,,,,
,,,,,,,,,,,,,,,,
,,,,,,,,,,,,,,,,
,,,,,,,,,,,,,,,,
,,,,,,,,,,,,,,,,
,,,,,,,,,,,,,,,,
,,,,,,,,,,,,,,,,
,,,,,,,,,,,,,,,,
,,,,,,,,,,,,,,,,
,,,,,,,,,,,,,,,,
,,,,,,,,,,,,,,,,
,,,,,,,,,,,,,,,,
,,,,,,,,,,,,,,,,
,,,,,,,,,,,,,,,,
,,,,,,,,,,,,,,,,
,,,,,,,,,,,,,,,,
,,,,,,,,,,,,,,,,
,,,,,,,,,,,,,,,,
,,,,,,,,,,,,,,,,
,,,,,,,,,,,,,,,,
,,,,,,,,,,,,,,,,
,,,,,,,,,,,,,,,,
,,,,,,,,,,,,,,,,
,,,,,,,,,,,,,,,,
,,,,,,,,,,,,,,,,
,,,,,,,,,,,,,,,,
,,,,,,,,,,,,,,,,
,,,,,,,,,,,,,,,,
,,,,,,,,,,,,,,,,
,,,,,,,,,,,,,,,,
,,,,,,,,,,,,,,,,
,,,,,,,,,,,,,,,,
,,,,,,,,,,,,,,,,
,,,,,,,,,,,,,,,,
,,,,,,,,,,,,,,,,
,,,,,,,,,,,,,,,,
,,,,,,,,,,,,,,,,
,,,,,,,,,,,,,,,,
,,,,,,,,,,,,,,,,
,,,,,,,,,,,,,,,,
,,,,,,,,,,,,,,,,
,,,,,,,,,,,,,,,,
,,,,,,,,,,,,,,,,
,,,,,,,,,,,,,,,,
,,,,,,,,,,,,,,,,
,,,,,,,,,,,,,,,,
,,,,,,,,,,,,,,,,
,,,,,,,,,,,,,,,,
,,,,,,,,,,,,,,,,
,,,,,,,,,,,,,,,,
,,,,,,,,,,,,,,,,
,,,,,,,,,,,,,,,,
,,,,,,,,,,,,,,,,
,,,,,,,,,,,,,,,,
,,,,,,,,,,,,,,,,
,,,,,,,,,,,,,,,,
,,,,,,,,,,,,,,,,
,,,,,,,,,,,,,,,,
,,,,,,,,,,,,,,,,
,,,,,,,,,,,,,,,,
,,,,,,,,,,,,,,,,
,,,,,,,,,,,,,,,,
,,,,,,,,,,,,,,,,
,,,,,,,,,,,,,,,,
,,,,,,,,,,,,,,,,
,,,,,,,,,,,,,,,,
,,,,,,,,,,,,,,,,
,,,,,,,,,,,,,,,,
,,,,,,,,,,,,,,,,
,,,,,,,,,,,,,,,,
,,,,,,,,,,,,,,,,
,,,,,,,,,,,,,,,,
,,,,,,,,,,,,,,,,
,,,,,,,,,,,,,,,,
,,,,,,,,,,,,,,,,
,,,,,,,,,,,,,,,,
,,,,,,,,,,,,,,,,
,,,,,,,,,,,,,,,,
,,,,,,,,,,,,,,,,
,,,,,,,,,,,,,,,,
,,,,,,,,,,,,,,,,
,,,,,,,,,,,,,,,,
,,,,,,,,,,,,,,,,
,,,,,,,,,,,,,,,,
,,,,,,,,,,,,,,,,
,,,,,,,,,,,,,,,,
,,,,,,,,,,,,,,,,
,,,,,,,,,,,,,,,,
,,,,,,,,,,,,,,,,
,,,,,,,,,,,,,,,,
,,,,,,,,,,,,,,,,
,,,,,,,,,,,,,,,,
,,,,,,,,,,,,,,,,
,,,,,,,,,,,,,,,,
,,,,,,,,,,,,,,,,
,,,,,,,,,,,,,,,,
,,,,,,,,,,,,,,,,
,,,,,,,,,,,,,,,,
,,,,,,,,,,,,,,,,
,,,,,,,,,,,,,,,,
,,,,,,,,,,,,,,,,
,,,,,,,,,,,,,,,,
,,,,,,,,,,,,,,,,
,,,,,,,,,,,,,,,,
,,,,,,,,,,,,,,,,
,,,,,,,,,,,,,,,,
,,,,,,,,,,,,,,,,
,,,,,,,,,,,,,,,,
,,,,,,,,,,,,,,,,
,,,,,,,,,,,,,,,,
,,,,,,,,,,,,,,,,
,,,,,,,,,,,,,,,,
,,,,,,,,,,,,,,,,
,,,,,,,,,,,,,,,,
,,,,,,,,,,,,,,,,
,,,,,,,,,,,,,,,,
,,,,,,,,,,,,,,,,
,,,,,,,,,,,,,,,,
,,,,,,,,,,,,,,,,
,,,,,,,,,,,,,,,,
,,,,,,,,,,,,,,,,
,,,,,,,,,,,,,,,,
,,,,,,,,,,,,,,,,
,,,,,,,,,,,,,,,,
,,,,,,,,,,,,,,,,
,,,,,,,,,,,,,,,,
,,,,,,,,,,,,,,,,
,,,,,,,,,,,,,,,,
,,,,,,,,,,,,,,,,
,,,,,,,,,,,,,,,,
,,,,,,,,,,,,,,,,
,,,,,,,,,,,,,,,,
,,,,,,,,,,,,,,,,
,,,,,,,,,,,,,,,,
,,,,,,,,,,,,,,,,
,,,,,,,,,,,,,,,,
,,,,,,,,,,,,,,,,
,,,,,,,,,,,,,,,,
,,,,,,,,,,,,,,,,
,,,,,,,,,,,,,,,,
,,,,,,,,,,,,,,,,
,,,,,,,,,,,,,,,,
,,,,,,,,,,,,,,,,
,,,,,,,,,,,,,,,,
,,,,,,,,,,,,,,,,
,,,,,,,,,,,,,,,,
,,,,,,,,,,,,,,,,
,,,,,,,,,,,,,,,,
,,,,,,,,,,,,,,,,
,,,,,,,,,,,,,,,,
,,,,,,,,,,,,,,,,
,,,,,,,,,,,,,,,,
,,,,,,,,,,,,,,,,
,,,,,,,,,,,,,,,,
,,,,,,,,,,,,,,,,
,,,,,,,,,,,,,,,,
,,,,,,,,,,,,,,,,
,,,,,,,,,,,,,,,,
,,,,,,,,,,,,,,,,
,,,,,,,,,,,,,,,,
,,,,,,,,,,,,,,,,
,,,,,,,,,,,,,,,,
,,,,,,,,,,,,,,,,
,,,,,,,,,,,,,,,,
,,,,,,,,,,,,,,,,
,,,,,,,,,,,,,,,,
,,,,,,,,,,,,,,,,
,,,,,,,,,,,,,,,,
,,,,,,,,,,,,,,,,
,,,,,,,,,,,,,,,,
,,,,,,,,,,,,,,,,
,,,,,,,,,,,,,,,,
,,,,,,,,,,,,,,,,
,,,,,,,,,,,,,,,,
,,,,,,,,,,,,,,,,
,,,,,,,,,,,,,,,,
,,,,,,,,,,,,,,,,
,,,,,,,,,,,,,,,,
,,,,,,,,,,,,,,,,
,,,,,,,,,,,,,,,,
,,,,,,,,,,,,,,,,
,,,,,,,,,,,,,,,,
,,,,,,,,,,,,,,,,
,,,,,,,,,,,,,,,,
,,,,,,,,,,,,,,,,
,,,,,,,,,,,,,,,,
,,,,,,,,,,,,,,,,
,,,,,,,,,,,,,,,,
,,,,,,,,,,,,,,,,
,,,,,,,,,,,,,,,,
,,,,,,,,,,,,,,,,
,,,,,,,,,,,,,,,,
,,,,,,,,,,,,,,,,
,,,,,,,,,,,,,,,,
,,,,,,,,,,,,,,,,
,,,,,,,,,,,,,,,,
,,,,,,,,,,,,,,,,
,,,,,,,,,,,,,,,,
,,,,,,,,,,,,,,,,
,,,,,,,,,,,,,,,,
,,,,,,,,,,,,,,,,
,,,,,,,,,,,,,,,,
,,,,,,,,,,,,,,,,
,,,,,,,,,,,,,,,,
,,,,,,,,,,,,,,,,
,,,,,,,,,,,,,,,,
,,,,,,,,,,,,,,,,
,,,,,,,,,,,,,,,,
,,,,,,,,,,,,,,,,
,,,,,,,,,,,,,,,,
,,,,,,,,,,,,,,,,
,,,,,,,,,,,,,,,,
,,,,,,,,,,,,,,,,
,,,,,,,,,,,,,,,,
,,,,,,,,,,,,,,,,
,,,,,,,,,,,,,,,,
,,,,,,,,,,,,,,,,
,,,,,,,,,,,,,,,,
,,,,,,,,,,,,,,,,
,,,,,,,,,,,,,,,,
,,,,,,,,,,,,,,,,
,,,,,,,,,,,,,,,,
,,,,,,,,,,,,,,,,
,,,,,,,,,,,,,,,,
,,,,,,,,,,,,,,,,
,,,,,,,,,,,,,,,,
,,,,,,,,,,,,,,,,
,,,,,,,,,,,,,,,,
,,,,,,,,,,,,,,,,
,,,,,,,,,,,,,,,,
,,,,,,,,,,,,,,,,
,,,,,,,,,,,,,,,,
,,,,,,,,,,,,,,,,
,,,,,,,,,,,,,,,,
,,,,,,,,,,,,,,,,
,,,,,,,,,,,,,,,,
,,,,,,,,,,,,,,,,
,,,,,,,,,,,,,,,,
,,,,,,,,,,,,,,,,
,,,,,,,,,,,,,,,,
,,,,,,,,,,,,,,,,
,,,,,,,,,,,,,,,,
,,,,,,,,,,,,,,,,
,,,,,,,,,,,,,,,,
,,,,,,,,,,,,,,,,
,,,,,,,,,,,,,,,,
,,,,,,,,,,,,,,,,
,,,,,,,,,,,,,,,,
,,,,,,,,,,,,,,,,
,,,,,,,,,,,,,,,,
,,,,,,,,,,,,,,,,
,,,,,,,,,,,,,,,,
,,,,,,,,,,,,,,,,
,,,,,,,,,,,,,,,,
,,,,,,,,,,,,,,,,
,,,,,,,,,,,,,,,,
,,,,,,,,,,,,,,,,
,,,,,,,,,,,,,,,,
,,,,,,,,,,,,,,,,
,,,,,,,,,,,,,,,,
,,,,,,,,,,,,,,,,
,,,,,,,,,,,,,,,,
,,,,,,,,,,,,,,,,
,,,,,,,,,,,,,,,,
,,,,,,,,,,,,,,,,
,,,,,,,,,,,,,,,,
,,,,,,,,,,,,,,,,
,,,,,,,,,,,,,,,,
,,,,,,,,,,,,,,,,
,,,,,,,,,,,,,,,,
,,,,,,,,,,,,,,,,
,,,,,,,,,,,,,,,,
,,,,,,,,,,,,,,,,
,,,,,,,,,,,,,,,,
,,,,,,,,,,,,,,,,
,,,,,,,,,,,,,,,,
,,,,,,,,,,,,,,,,
,,,,,,,,,,,,,,,,
,,,,,,,,,,,,,,,,
,,,,,,,,,,,,,,,,
,,,,,,,,,,,,,,,,
,,,,,,,,,,,,,,,,
,,,,,,,,,,,,,,,,
,,,,,,,,,,,,,,,,
,,,,,,,,,,,,,,,,
,,,,,,,,,,,,,,,,
,,,,,,,,,,,,,,,,
,,,,,,,,,,,,,,,,
,,,,,,,,,,,,,,,,
,,,,,,,,,,,,,,,,
,,,,,,,,,,,,,,,,
,,,,,,,,,,,,,,,,
,,,,,,,,,,,,,,,,
,,,,,,,,,,,,,,,,
,,,,,,,,,,,,,,,,
,,,,,,,,,,,,,,,,
,,,,,,,,,,,,,,,,
,,,,,,,,,,,,,,,,
,,,,,,,,,,,,,,,,
,,,,,,,,,,,,,,,,
,,,,,,,,,,,,,,,,
,,,,,,,,,,,,,,,,
,,,,,,,,,,,,,,,,
,,,,,,,,,,,,,,,,
,,,,,,,,,,,,,,,,
,,,,,,,,,,,,,,,,
,,,,,,,,,,,,,,,,
,,,,,,,,,,,,,,,,
,,,,,,,,,,,,,,,,
,,,,,,,,,,,,,,,,
,,,,,,,,,,,,,,,,
,,,,,,,,,,,,,,,,
,,,,,,,,,,,,,,,,
,,,,,,,,,,,,,,,,
,,,,,,,,,,,,,,,,
,,,,,,,,,,,,,,,,
,,,,,,,,,,,,,,,,
,,,,,,,,,,,,,,,,
,,,,,,,,,,,,,,,,
,,,,,,,,,,,,,,,,
,,,,,,,,,,,,,,,,
,,,,,,,,,,,,,,,,
,,,,,,,,,,,,,,,,
,,,,,,,,,,,,,,,,
,,,,,,,,,,,,,,,,
,,,,,,,,,,,,,,,,
,,,,,,,,,,,,,,,,
,,,,,,,,,,,,,,,,
,,,,,,,,,,,,,,,,
,,,,,,,,,,,,,,,,
,,,,,,,,,,,,,,,,
,,,,,,,,,,,,,,,,
,,,,,,,,,,,,,,,,
,,,,,,,,,,,,,,,,
,,,,,,,,,,,,,,,,
,,,,,,,,,,,,,,,,
,,,,,,,,,,,,,,,,
,,,,,,,,,,,,,,,,
,,,,,,,,,,,,,,,,
,,,,,,,,,,,,,,,,
,,,,,,,,,,,,,,,,
,,,,,,,,,,,,,,,,
,,,,,,,,,,,,,,,,
,,,,,,,,,,,,,,,,
,,,,,,,,,,,,,,,,
,,,,,,,,,,,,,,,,
,,,,,,,,,,,,,,,,
,,,,,,,,,,,,,,,,
,,,,,,,,,,,,,,,,
,,,,,,,,,,,,,,,,
,,,,,,,,,,,,,,,,
,,,,,,,,,,,,,,,,
,,,,,,,,,,,,,,,,
,,,,,,,,,,,,,,,,
,,,,,,,,,,,,,,,,
,,,,,,,,,,,,,,,,
,,,,,,,,,,,,,,,,
,,,,,,,,,,,,,,,,
,,,,,,,,,,,,,,,,
,,,,,,,,,,,,,,,,
,,,,,,,,,,,,,,,,
,,,,,,,,,,,,,,,,
,,,,,,,,,,,,,,,,
,,,,,,,,,,,,,,,,
,,,,,,,,,,,,,,,,
,,,,,,,,,,,,,,,,
,,,,,,,,,,,,,,,,
,,,,,,,,,,,,,,,,
,,,,,,,,,,,,,,,,
,,,,,,,,,,,,,,,,
,,,,,,,,,,,,,,,,
,,,,,,,,,,,,,,,,
,,,,,,,,,,,,,,,,
,,,,,,,,,,,,,,,,
,,,,,,,,,,,,,,,,
,,,,,,,,,,,,,,,,
,,,,,,,,,,,,,,,,
,,,,,,,,,,,,,,,,
,,,,,,,,,,,,,,,,
,,,,,,,,,,,,,,,,
,,,,,,,,,,,,,,,,
,,,,,,,,,,,,,,,,
,,,,,,,,,,,,,,,,
,,,,,,,,,,,,,,,,
,,,,,,,,,,,,,,,,
,,,,,,,,,,,,,,,,
,,,,,,,,,,,,,,,,
,,,,,,,,,,,,,,,,
,,,,,,,,,,,,,,,,
,,,,,,,,,,,,,,,,
,,,,,,,,,,,,,,,,
,,,,,,,,,,,,,,,,
,,,,,,,,,,,,,,,,
,,,,,,,,,,,,,,,,
,,,,,,,,,,,,,,,,
,,,,,,,,,,,,,,,,
,,,,,,,,,,,,,,,,
,,,,,,,,,,,,,,,,
,,,,,,,,,,,,,,,,
,,,,,,,,,,,,,,,,
,,,,,,,,,,,,,,,,
,,,,,,,,,,,,,,,,
,,,,,,,,,,,,,,,,
,,,,,,,,,,,,,,,,
,,,,,,,,,,,,,,,,
,,,,,,,,,,,,,,,,
,,,,,,,,,,,,,,,,
,,,,,,,,,,,,,,,,
,,,,,,,,,,,,,,,,
,,,,,,,,,,,,,,,,
,,,,,,,,,,,,,,,,
,,,,,,,,,,,,,,,,
,,,,,,,,,,,,,,,,
,,,,,,,,,,,,,,,,
,,,,,,,,,,,,,,,,
,,,,,,,,,,,,,,,,
,,,,,,,,,,,,,,,,
,,,,,,,,,,,,,,,,
,,,,,,,,,,,,,,,,
,,,,,,,,,,,,,,,,
,,,,,,,,,,,,,,,,
,,,,,,,,,,,,,,,,
,,,,,,,,,,,,,,,,
,,,,,,,,,,,,,,,,
,,,,,,,,,,,,,,,,
,,,,,,,,,,,,,,,,
,,,,,,,,,,,,,,,,
,,,,,,,,,,,,,,,,
,,,,,,,,,,,,,,,,
,,,,,,,,,,,,,,,,
,,,,,,,,,,,,,,,,
,,,,,,,,,,,,,,,,
,,,,,,,,,,,,,,,,
,,,,,,,,,,,,,,,,
,,,,,,,,,,,,,,,,
,,,,,,,,,,,,,,,,
,,,,,,,,,,,,,,,,
,,,,,,,,,,,,,,,,
,,,,,,,,,,,,,,,,
,,,,,,,,,,,,,,,,
,,,,,,,,,,,,,,,,
,,,,,,,,,,,,,,,,
,,,,,,,,,,,,,,,,
,,,,,,,,,,,,,,,,
,,,,,,,,,,,,,,,,
,,,,,,,,,,,,,,,,
,,,,,,,,,,,,,,,,
,,,,,,,,,,,,,,,,
,,,,,,,,,,,,,,,,
,,,,,,,,,,,,,,,,
,,,,,,,,,,,,,,,,
,,,,,,,,,,,,,,,,
,,,,,,,,,,,,,,,,
,,,,,,,,,,,,,,,,
,,,,,,,,,,,,,,,,
,,,,,,,,,,,,,,,,
,,,,,,,,,,,,,,,,
,,,,,,,,,,,,,,,,
,,,,,,,,,,,,,,,,
,,,,,,,,,,,,,,,,
,,,,,,,,,,,,,,,,
,,,,,,,,,,,,,,,,
,,,,,,,,,,,,,,,,
,,,,,,,,,,,,,,,,
,,,,,,,,,,,,,,,,
,,,,,,,,,,,,,,,,
,,,,,,,,,,,,,,,,
,,,,,,,,,,,,,,,,
,,,,,,,,,,,,,,,,
,,,,,,,,,,,,,,,,
,,,,,,,,,,,,,,,,
,,,,,,,,,,,,,,,,
,,,,,,,,,,,,,,,,
,,,,,,,,,,,,,,,,
,,,,,,,,,,,,,,,,
,,,,,,,,,,,,,,,,
,,,,,,,,,,,,,,,,
,,,,,,,,,,,,,,,,
,,,,,,,,,,,,,,,,
,,,,,,,,,,,,,,,,
,,,,,,,,,,,,,,,,
,,,,,,,,,,,,,,,,
,,,,,,,,,,,,,,,,
,,,,,,,,,,,,,,,,
,,,,,,,,,,,,,,,,
,,,,,,,,,,,,,,,,
,,,,,,,,,,,,,,,,
,,,,,,,,,,,,,,,,
,,,,,,,,,,,,,,,,
,,,,,,,,,,,,,,,,
,,,,,,,,,,,,,,,,
,,,,,,,,,,,,,,,,
,,,,,,,,,,,,,,,,
,,,,,,,,,,,,,,,,
,,,,,,,,,,,,,,,,
,,,,,,,,,,,,,,,,
,,,,,,,,,,,,,,,,
,,,,,,,,,,,,,,,,
,,,,,,,,,,,,,,,,
,,,,,,,,,,,,,,,,
,,,,,,,,,,,,,,,,
,,,,,,,,,,,,,,,,
,,,,,,,,,,,,,,,,
,,,,,,,,,,,,,,,,
,,,,,,,,,,,,,,,,
,,,,,,,,,,,,,,,,
,,,,,,,,,,,,,,,,
,,,,,,,,,,,,,,,,
,,,,,,,,,,,,,,,,
,,,,,,,,,,,,,,,,
,,,,,,,,,,,,,,,,
,,,,,,,,,,,,,,,,
,,,,,,,,,,,,,,,,
,,,,,,,,,,,,,,,,
,,,,,,,,,,,,,,,,
,,,,,,,,,,,,,,,,
,,,,,,,,,,,,,,,,
,,,,,,,,,,,,,,,,
,,,,,,,,,,,,,,,,
,,,,,,,,,,,,,,,,
,,,,,,,,,,,,,,,,
,,,,,,,,,,,,,,,,
,,,,,,,,,,,,,,,,
,,,,,,,,,,,,,,,,
,,,,,,,,,,,,,,,,
,,,,,,,,,,,,,,,,
,,,,,,,,,,,,,,,,
,,,,,,,,,,,,,,,,
,,,,,,,,,,,,,,,,
,,,,,,,,,,,,,,,,
,,,,,,,,,,,,,,,,
,,,,,,,,,,,,,,,,
,,,,,,,,,,,,,,,,
,,,,,,,,,,,,,,,,
,,,,,,,,,,,,,,,,
,,,,,,,,,,,,,,,,
,,,,,,,,,,,,,,,,
,,,,,,,,,,,,,,,,
,,,,,,,,,,,,,,,,
,,,,,,,,,,,,,,,,
,,,,,,,,,,,,,,,,
,,,,,,,,,,,,,,,,
,,,,,,,,,,,,,,,,
,,,,,,,,,,,,,,,,
,,,,,,,,,,,,,,,,
,,,,,,,,,,,,,,,,
,,,,,,,,,,,,,,,,
,,,,,,,,,,,,,,,,
,,,,,,,,,,,,,,,,
,,,,,,,,,,,,,,,,
,,,,,,,,,,,,,,,,
,,,,,,,,,,,,,,,,
,,,,,,,,,,,,,,,,
,,,,,,,,,,,,,,,,
,,,,,,,,,,,,,,,,
,,,,,,,,,,,,,,,,
,,,,,,,,,,,,,,,,
,,,,,,,,,,,,,,,,
,,,,,,,,,,,,,,,,
,,,,,,,,,,,,,,,,
,,,,,,,,,,,,,,,,
,,,,,,,,,,,,,,,,
,,,,,,,,,,,,,,,,
,,,,,,,,,,,,,,,,
,,,,,,,,,,,,,,,,
,,,,,,,,,,,,,,,,
,,,,,,,,,,,,,,,,
,,,,,,,,,,,,,,,,
,,,,,,,,,,,,,,,,
,,,,,,,,,,,,,,,,
,,,,,,,,,,,,,,,,
,,,,,,,,,,,,,,,,
,,,,,,,,,,,,,,,,
,,,,,,,,,,,,,,,,
,,,,,,,,,,,,,,,,
,,,,,,,,,,,,,,,,
,,,,,,,,,,,,,,,,
,,,,,,,,,,,,,,,,
,,,,,,,,,,,,,,,,
,,,,,,,,,,,,,,,,
,,,,,,,,,,,,,,,,
,,,,,,,,,,,,,,,,
,,,,,,,,,,,,,,,,
,,,,,,,,,,,,,,,,
,,,,,,,,,,,,,,,,
,,,,,,,,,,,,,,,,
,,,,,,,,,,,,,,,,
,,,,,,,,,,,,,,,,
,,,,,,,,,,,,,,,,
,,,,,,,,,,,,,,,,
,,,,,,,,,,,,,,,,
,,,,,,,,,,,,,,,,
,,,,,,,,,,,,,,,,
,,,,,,,,,,,,,,,,
,,,,,,,,,,,,,,,,
,,,,,,,,,,,,,,,,
,,,,,,,,,,,,,,,,
,,,,,,,,,,,,,,,,
,,,,,,,,,,,,,,,,
,,,,,,,,,,,,,,,,
,,,,,,,,,,,,,,,,
,,,,,,,,,,,,,,,,
,,,,,,,,,,,,,,,,
,,,,,,,,,,,,,,,,
,,,,,,,,,,,,,,,,
,,,,,,,,,,,,,,,,
,,,,,,,,,,,,,,,,
,,,,,,,,,,,,,,,,
,,,,,,,,,,,,,,,,
,,,,,,,,,,,,,,,,
,,,,,,,,,,,,,,,,
,,,,,,,,,,,,,,,,
,,,,,,,,,,,,,,,,
,,,,,,,,,,,,,,,,
,,,,,,,,,,,,,,,,
,,,,,,,,,,,,,,,,
,,,,,,,,,,,,,,,,
,,,,,,,,,,,,,,,,
,,,,,,,,,,,,,,,,
,,,,,,,,,,,,,,,,
,,,,,,,,,,,,,,,,
,,,,,,,,,,,,,,,,
,,,,,,,,,,,,,,,,
,,,,,,,,,,,,,,,,
,,,,,,,,,,,,,,,,
,,,,,,,,,,,,,,,,
,,,,,,,,,,,,,,,,
,,,,,,,,,,,,,,,,
,,,,,,,,,,,,,,,,
,,,,,,,,,,,,,,,,
,,,,,,,,,,,,,,,,
,,,,,,,,,,,,,,,,
,,,,,,,,,,,,,,,,
,,,,,,,,,,,,,,,,
,,,,,,,,,,,,,,,,
,,,,,,,,,,,,,,,,
,,,,,,,,,,,,,,,,
,,,,,,,,,,,,,,,,
,,,,,,,,,,,,,,,,
,,,,,,,,,,,,,,,,
,,,,,,,,,,,,,,,,
,,,,,,,,,,,,,,,,
,,,,,,,,,,,,,,,,
,,,,,,,,,,,,,,,,
,,,,,,,,,,,,,,,,
,,,,,,,,,,,,,,,,
,,,,,,,,,,,,,,,,
,,,,,,,,,,,,,,,,
,,,,,,,,,,,,,,,,
,,,,,,,,,,,,,,,,
,,,,,,,,,,,,,,,,
,,,,,,,,,,,,,,,,
,,,,,,,,,,,,,,,,
,,,,,,,,,,,,,,,,
,,,,,,,,,,,,,,,,
,,,,,,,,,,,,,,,,
,,,,,,,,,,,,,,,,
,,,,,,,,,,,,,,,,
,,,,,,,,,,,,,,,,
,,,,,,,,,,,,,,,,
,,,,,,,,,,,,,,,,
,,,,,,,,,,,,,,,,
,,,,,,,,,,,,,,,,
,,,,,,,,,,,,,,,,
,,,,,,,,,,,,,,,,
,,,,,,,,,,,,,,,,
,,,,,,,,,,,,,,,,
,,,,,,,,,,,,,,,,
,,,,,,,,,,,,,,,,
,,,,,,,,,,,,,,,,
,,,,,,,,,,,,,,,,
,,,,,,,,,,,,,,,,
,,,,,,,,,,,,,,,,
,,,,,,,,,,,,,,,,
,,,,,,,,,,,,,,,,
,,,,,,,,,,,,,,,,
,,,,,,,,,,,,,,,,
,,,,,,,,,,,,,,,,
,,,,,,,,,,,,,,,,
,,,,,,,,,,,,,,,,
,,,,,,,,,,,,,,,,
,,,,,,,,,,,,,,,,
,,,,,,,,,,,,,,,,
,,,,,,,,,,,,,,,,
,,,,,,,,,,,,,,,,
,,,,,,,,,,,,,,,,
,,,,,,,,,,,,,,,,
,,,,,,,,,,,,,,,,
,,,,,,,,,,,,,,,,
,,,,,,,,,,,,,,,,
,,,,,,,,,,,,,,,,
,,,,,,,,,,,,,,,,
,,,,,,,,,,,,,,,,
,,,,,,,,,,,,,,,,
,,,,,,,,,,,,,,,,
,,,,,,,,,,,,,,,,
,,,,,,,,,,,,,,,,
,,,,,,,,,,,,,,,,
,,,,,,,,,,,,,,,,
,,,,,,,,,,,,,,,,
,,,,,,,,,,,,,,,,
,,,,,,,,,,,,,,,,
,,,,,,,,,,,,,,,,
,,,,,,,,,,,,,,,,
,,,,,,,,,,,,,,,,
,,,,,,,,,,,,,,,,
,,,,,,,,,,,,,,,,
,,,,,,,,,,,,,,,,
,,,,,,,,,,,,,,,,
,,,,,,,,,,,,,,,,
,,,,,,,,,,,,,,,,
,,,,,,,,,,,,,,,,
,,,,,,,,,,,,,,,,
,,,,,,,,,,,,,,,,
,,,,,,,,,,,,,,,,
,,,,,,,,,,,,,,,,
,,,,,,,,,,,,,,,,
,,,,,,,,,,,,,,,,
,,,,,,,,,,,,,,,,
,,,,,,,,,,,,,,,,
,,,,,,,,,,,,,,,,
,,,,,,,,,,,,,,,,
,,,,,,,,,,,,,,,,
,,,,,,,,,,,,,,,,
,,,,,,,,,,,,,,,,
,,,,,,,,,,,,,,,,
,,,,,,,,,,,,,,,,
,,,,,,,,,,,,,,,,
,,,,,,,,,,,,,,,,
,,,,,,,,,,,,,,,,
,,,,,,,,,,,,,,,,
,,,,,,,,,,,,,,,,
,,,,,,,,,,,,,,,,
,,,,,,,,,,,,,,,,
,,,,,,,,,,,,,,,,
,,,,,,,,,,,,,,,,
,,,,,,,,,,,,,,,,
,,,,,,,,,,,,,,,,
,,,,,,,,,,,,,,,,
,,,,,,,,,,,,,,,,
,,,,,,,,,,,,,,,,
,,,,,,,,,,,,,,,,
,,,,,,,,,,,,,,,,
,,,,,,,,,,,,,,,,
,,,,,,,,,,,,,,,,
,,,,,,,,,,,,,,,,
,,,,,,,,,,,,,,,,
,,,,,,,,,,,,,,,,
,,,,,,,,,,,,,,,,
,,,,,,,,,,,,,,,,
,,,,,,,,,,,,,,,,
,,,,,,,,,,,,,,,,
,,,,,,,,,,,,,,,,
,,,,,,,,,,,,,,,,
,,,,,,,,,,,,,,,,
,,,,,,,,,,,,,,,,
,,,,,,,,,,,,,,,,
,,,,,,,,,,,,,,,,
,,,,,,,,,,,,,,,,
,,,,,,,,,,,,,,,,
,,,,,,,,,,,,,,,,
,,,,,,,,,,,,,,,,
,,,,,,,,,,,,,,,,
,,,,,,,,,,,,,,,,
,,,,,,,,,,,,,,,,
,,,,,,,,,,,,,,,,
,,,,,,,,,,,,,,,,
,,,,,,,,,,,,,,,,
,,,,,,,,,,,,,,,,
,,,,,,,,,,,,,,,,
,,,,,,,,,,,,,,,,
,,,,,,,,,,,,,,,,
,,,,,,,,,,,,,,,,
,,,,,,,,,,,,,,,,
,,,,,,,,,,,,,,,,
,,,,,,,,,,,,,,,,
,,,,,,,,,,,,,,,,
,,,,,,,,,,,,,,,,
,,,,,,,,,,,,,,,,
,,,,,,,,,,,,,,,,
,,,,,,,,,,,,,,,,
,,,,,,,,,,,,,,,,
,,,,,,,,,,,,,,,,
,,,,,,,,,,,,,,,,
,,,,,,,,,,,,,,,,
,,,,,,,,,,,,,,,,
,,,,,,,,,,,,,,,,
,,,,,,,,,,,,,,,,
,,,,,,,,,,,,,,,,
,,,,,,,,,,,,,,,,
,,,,,,,,,,,,,,,,
,,,,,,,,,,,,,,,,
,,,,,,,,,,,,,,,,
,,,,,,,,,,,,,,,,
,,,,,,,,,,,,,,,,
,,,,,,,,,,,,,,,,
,,,,,,,,,,,,,,,,
,,,,,,,,,,,,,,,,
,,,,,,,,,,,,,,,,
,,,,,,,,,,,,,,,,
,,,,,,,,,,,,,,,,
,,,,,,,,,,,,,,,,
,,,,,,,,,,,,,,,,
,,,,,,,,,,,,,,,,
,,,,,,,,,,,,,,,,
,,,,,,,,,,,,,,,,
,,,,,,,,,,,,,,,,
,,,,,,,,,,,,,,,,
,,,,,,,,,,,,,,,,
,,,,,,,,,,,,,,,,
,,,,,,,,,,,,,,,,
,,,,,,,,,,,,,,,,
,,,,,,,,,,,,,,,,
,,,,,,,,,,,,,,,,
,,,,,,,,,,,,,,,,
,,,,,,,,,,,,,,,,
,,,,,,,,,,,,,,,,
,,,,,,,,,,,,,,,,
,,,,,,,,,,,,,,,,
,,,,,,,,,,,,,,,,
,,,,,,,,,,,,,,,,
,,,,,,,,,,,,,,,,
,,,,,,,,,,,,,,,,
,,,,,,,,,,,,,,,,
,,,,,,,,,,,,,,,,
,,,,,,,,,,,,,,,,
,,,,,,,,,,,,,,,,
,,,,,,,,,,,,,,,,
,,,,,,,,,,,,,,,,
,,,,,,,,,,,,,,,,
,,,,,,,,,,,,,,,,
,,,,,,,,,,,,,,,,
,,,,,,,,,,,,,,,,
,,,,,,,,,,,,,,,,
,,,,,,,,,,,,,,,,
,,,,,,,,,,,,,,,,
,,,,,,,,,,,,,,,,
,,,,,,,,,,,,,,,,
,,,,,,,,,,,,,,,,
,,,,,,,,,,,,,,,,
,,,,,,,,,,,,,,,,
,,,,,,,,,,,,,,,,
,,,,,,,,,,,,,,,,
,,,,,,,,,,,,,,,,
,,,,,,,,,,,,,,,,
,,,,,,,,,,,,,,,,
,,,,,,,,,,,,,,,,
,,,,,,,,,,,,,,,,
,,,,,,,,,,,,,,,,
,,,,,,,,,,,,,,,,
,,,,,,,,,,,,,,,,
,,,,,,,,,,,,,,,,
,,,,,,,,,,,,,,,,
,,,,,,,,,,,,,,,,
,,,,,,,,,,,,,,,,
,,,,,,,,,,,,,,,,
,,,,,,,,,,,,,,,,
,,,,,,,,,,,,,,,,
,,,,,,,,,,,,,,,,
,,,,,,,,,,,,,,,,
,,,,,,,,,,,,,,,,
,,,,,,,,,,,,,,,,
,,,,,,,,,,,,,,,,
,,,,,,,,,,,,,,,,
,,,,,,,,,,,,,,,,
,,,,,,,,,,,,,,,,
,,,,,,,,,,,,,,,,
,,,,,,,,,,,,,,,,
,,,,,,,,,,,,,,,,
,,,,,,,,,,,,,,,,
,,,,,,,,,,,,,,,,
,,,,,,,,,,,,,,,,
,,,,,,,,,,,,,,,,
,,,,,,,,,,,,,,,,
,,,,,,,,,,,,,,,,
,,,,,,,,,,,,,,,,
,,,,,,,,,,,,,,,,
,,,,,,,,,,,,,,,,
,,,,,,,,,,,,,,,,
,,,,,,,,,,,,,,,,
,,,,,,,,,,,,,,,,
,,,,,,,,,,,,,,,,
,,,,,,,,,,,,,,,,
,,,,,,,,,,,,,,,,
,,,,,,,,,,,,,,,,
,,,,,,,,,,,,,,,,
,,,,,,,,,,,,,,,,
,,,,,,,,,,,,,,,,
,,,,,,,,,,,,,,,,
,,,,,,,,,,,,,,,,
,,,,,,,,,,,,,,,,
,,,,,,,,,,,,,,,,
,,,,,,,,,,,,,,,,
,,,,,,,,,,,,,,,,
,,,,,,,,,,,,,,,,
,,,,,,,,,,,,,,,,
,,,,,,,,,,,,,,,,
,,,,,,,,,,,,,,,,
,,,,,,,,,,,,,,,,
,,,,,,,,,,,,,,,,
,,,,,,,,,,,,,,,,
,,,,,,,,,,,,,,,,
,,,,,,,,,,,,,,,,
,,,,,,,,,,,,,,,,
,,,,,,,,,,,,,,,,
,,,,,,,,,,,,,,,,
,,,,,,,,,,,,,,,,
,,,,,,,,,,,,,,,,
,,,,,,,,,,,,,,,,
,,,,,,,,,,,,,,,,
,,,,,,,,,,,,,,,,
,,,,,,,,,,,,,,,,
,,,,,,,,,,,,,,,,
,,,,,,,,,,,,,,,,
,,,,,,,,,,,,,,,,
,,,,,,,,,,,,,,,,
,,,,,,,,,,,,,,,,
,,,,,,,,,,,,,,,,
,,,,,,,,,,,,,,,,
,,,,,,,,,,,,,,,,
,,,,,,,,,,,,,,,,
,,,,,,,,,,,,,,,,
,,,,,,,,,,,,,,,,
,,,,,,,,,,,,,,,,
,,,,,,,,,,,,,,,,
,,,,,,,,,,,,,,,,
,,,,,,,,,,,,,,,,
,,,,,,,,,,,,,,,,
,,,,,,,,,,,,,,,,
,,,,,,,,,,,,,,,,
,,,,,,,,,,,,,,,,
,,,,,,,,,,,,,,,,
,,,,,,,,,,,,,,,,
,,,,,,,,,,,,,,,,
,,,,,,,,,,,,,,,,
,,,,,,,,,,,,,,,,
,,,,,,,,,,,,,,,,
,,,,,,,,,,,,,,,,
,,,,,,,,,,,,,,,,
,,,,,,,,,,,,,,,,
,,,,,,,,,,,,,,,,
,,,,,,,,,,,,,,,,
,,,,,,,,,,,,,,,,
,,,,,,,,,,,,,,,,
,,,,,,,,,,,,,,,,
,,,,,,,,,,,,,,,,
,,,,,,,,,,,,,,,,
,,,,,,,,,,,,,,,,
,,,,,,,,,,,,,,,,
,,,,,,,,,,,,,,,,
,,,,,,,,,,,,,,,,
,,,,,,,,,,,,,,,,
,,,,,,,,,,,,,,,,
,,,,,,,,,,,,,,,,
,,,,,,,,,,,,,,,,
,,,,,,,,,,,,,,,,
,,,,,,,,,,,,,,,,
,,,,,,,,,,,,,,,,
,,,,,,,,,,,,,,,,
,,,,,,,,,,,,,,,,
,,,,,,,,,,,,,,,,
,,,,,,,,,,,,,,,,
,,,,,,,,,,,,,,,,
,,,,,,,,,,,,,,,,
,,,,,,,,,,,,,,,,
,,,,,,,,,,,,,,,,
,,,,,,,,,,,,,,,,
,,,,,,,,,,,,,,,,
,,,,,,,,,,,,,,,,
,,,,,,,,,,,,,,,,
,,,,,,,,,,,,,,,,
,,,,,,,,,,,,,,,,
,,,,,,,,,,,,,,,,
,,,,,,,,,,,,,,,,
,,,,,,,,,,,,,,,,
,,,,,,,,,,,,,,,,
,,,,,,,,,,,,,,,,
,,,,,,,,,,,,,,,,
,,,,,,,,,,,,,,,,
,,,,,,,,,,,,,,,,
,,,,,,,,,,,,,,,,
,,,,,,,,,,,,,,,,
,,,,,,,,,,,,,,,,
,,,,,,,,,,,,,,,,
,,,,,,,,,,,,,,,,
,,,,,,,,,,,,,,,,
,,,,,,,,,,,,,,,,
,,,,,,,,,,,,,,,,
,,,,,,,,,,,,,,,,
,,,,,,,,,,,,,,,,
,,,,,,,,,,,,,,,,
,,,,,,,,,,,,,,,,
,,,,,,,,,,,,,,,,
,,,,,,,,,,,,,,,,
,,,,,,,,,,,,,,,,
,,,,,,,,,,,,,,,,
,,,,,,,,,,,,,,,,
,,,,,,,,,,,,,,,,
,,,,,,,,,,,,,,,,
,,,,,,,,,,,,,,,,
,,,,,,,,,,,,,,,,
,,,,,,,,,,,,,,,,
,,,,,,,,,,,,,,,,
,,,,,,,,,,,,,,,,
,,,,,,,,,,,,,,,,
,,,,,,,,,,,,,,,,
,,,,,,,,,,,,,,,,
,,,,,,,,,,,,,,,,
,,,,,,,,,,,,,,,,
,,,,,,,,,,,,,,,,
,,,,,,,,,,,,,,,,
,,,,,,,,,,,,,,,,
,,,,,,,,,,,,,,,,
,,,,,,,,,,,,,,,,
,,,,,,,,,,,,,,,,
,,,,,,,,,,,,,,,,
,,,,,,,,,,,,,,,,
,,,,,,,,,,,,,,,,
,,,,,,,,,,,,,,,,
,,,,,,,,,,,,,,,,
,,,,,,,,,,,,,,,,
,,,,,,,,,,,,,,,,
,,,,,,,,,,,,,,,,
,,,,,,,,,,,,,,,,
,,,,,,,,,,,,,,,,
,,,,,,,,,,,,,,,,
,,,,,,,,,,,,,,,,
,,,,,,,,,,,,,,,,
,,,,,,,,,,,,,,,,
,,,,,,,,,,,,,,,,
,,,,,,,,,,,,,,,,
,,,,,,,,,,,,,,,,
,,,,,,,,,,,,,,,,
,,,,,,,,,,,,,,,,
,,,,,,,,,,,,,,,,
,,,,,,,,,,,,,,,,
,,,,,,,,,,,,,,,,
,,,,,,,,,,,,,,,,
,,,,,,,,,,,,,,,,
,,,,,,,,,,,,,,,,
,,,,,,,,,,,,,,,,
,,,,,,,,,,,,,,,,
,,,,,,,,,,,,,,,,
,,,,,,,,,,,,,,,,
,,,,,,,,,,,,,,,,
,,,,,,,,,,,,,,,,
,,,,,,,,,,,,,,,,
,,,,,,,,,,,,,,,,
,,,,,,,,,,,,,,,,
,,,,,,,,,,,,,,,,
,,,,,,,,,,,,,,,,
,,,,,,,,,,,,,,,,
,,,,,,,,,,,,,,,,
,,,,,,,,,,,,,,,,
,,,,,,,,,,,,,,,,
,,,,,,,,,,,,,,,,
,,,,,,,,,,,,,,,,
,,,,,,,,,,,,,,,,
,,,,,,,,,,,,,,,,
,,,,,,,,,,,,,,,,
,,,,,,,,,,,,,,,,
,,,,,,,,,,,,,,,,
,,,,,,,,,,,,,,,,
,,,,,,,,,,,,,,,,
,,,,,,,,,,,,,,,,
,,,,,,,,,,,,,,,,
,,,,,,,,,,,,,,,,
,,,,,,,,,,,,,,,,
,,,,,,,,,,,,,,,,
,,,,,,,,,,,,,,,,
,,,,,,,,,,,,,,,,
,,,,,,,,,,,,,,,,
,,,,,,,,,,,,,,,,
,,,,,,,,,,,,,,,,
,,,,,,,,,,,,,,,,
,,,,,,,,,,,,,,,,
,,,,,,,,,,,,,,,,
,,,,,,,,,,,,,,,,
,,,,,,,,,,,,,,,,
,,,,,,,,,,,,,,,,
,,,,,,,,,,,,,,,,
,,,,,,,,,,,,,,,,
,,,,,,,,,,,,,,,,
,,,,,,,,,,,,,,,,
,,,,,,,,,,,,,,,,
,,,,,,,,,,,,,,,,
,,,,,,,,,,,,,,,,
,,,,,,,,,,,,,,,,
,,,,,,,,,,,,,,,,
,,,,,,,,,,,,,,,,
,,,,,,,,,,,,,,,,
,,,,,,,,,,,,,,,,
,,,,,,,,,,,,,,,,
,,,,,,,,,,,,,,,,
,,,,,,,,,,,,,,,,
,,,,,,,,,,,,,,,,
,,,,,,,,,,,,,,,,
,,,,,,,,,,,,,,,,
,,,,,,,,,,,,,,,,
,,,,,,,,,,,,,,,,
,,,,,,,,,,,,,,,,
,,,,,,,,,,,,,,,,
,,,,,,,,,,,,,,,,
,,,,,,,,,,,,,,,,
,,,,,,,,,,,,,,,,
,,,,,,,,,,,,,,,,
,,,,,,,,,,,,,,,,
,,,,,,,,,,,,,,,,
,,,,,,,,,,,,,,,,
,,,,,,,,,,,,,,,,
,,,,,,,,,,,,,,,,
,,,,,,,,,,,,,,,,
,,,,,,,,,,,,,,,,
,,,,,,,,,,,,,,,,
,,,,,,,,,,,,,,,,
,,,,,,,,,,,,,,,,
,,,,,,,,,,,,,,,,
,,,,,,,,,,,,,,,,
,,,,,,,,,,,,,,,,
,,,,,,,,,,,,,,,,
,,,,,,,,,,,,,,,,
,,,,,,,,,,,,,,,,
,,,,,,,,,,,,,,,,
,,,,,,,,,,,,,,,,
,,,,,,,,,,,,,,,,
,,,,,,,,,,,,,,,,
,,,,,,,,,,,,,,,,
,,,,,,,,,,,,,,,,
,,,,,,,,,,,,,,,,
,,,,,,,,,,,,,,,,
,,,,,,,,,,,,,,,,
,,,,,,,,,,,,,,,,
,,,,,,,,,,,,,,,,
,,,,,,,,,,,,,,,,
,,,,,,,,,,,,,,,,
,,,,,,,,,,,,,,,,
,,,,,,,,,,,,,,,,
,,,,,,,,,,,,,,,,
,,,,,,,,,,,,,,,,
,,,,,,,,,,,,,,,,
,,,,,,,,,,,,,,,,
,,,,,,,,,,,,,,,,
,,,,,,,,,,,,,,,,
,,,,,,,,,,,,,,,,
,,,,,,,,,,,,,,,,
,,,,,,,,,,,,,,,,
,,,,,,,,,,,,,,,,
,,,,,,,,,,,,,,,,
,,,,,,,,,,,,,,,,
,,,,,,,,,,,,,,,,
,,,,,,,,,,,,,,,,
,,,,,,,,,,,,,,,,
,,,,,,,,,,,,,,,,
,,,,,,,,,,,,,,,,
,,,,,,,,,,,,,,,,
,,,,,,,,,,,,,,,,
,,,,,,,,,,,,,,,,
,,,,,,,,,,,,,,,,
,,,,,,,,,,,,,,,,
,,,,,,,,,,,,,,,,
,,,,,,,,,,,,,,,,
,,,,,,,,,,,,,,,,
,,,,,,,,,,,,,,,,
,,,,,,,,,,,,,,,,
,,,,,,,,,,,,,,,,
,,,,,,,,,,,,,,,,
,,,,,,,,,,,,,,,,
,,,,,,,,,,,,,,,,
,,,,,,,,,,,,,,,,
,,,,,,,,,,,,,,,,
,,,,,,,,,,,,,,,,
,,,,,,,,,,,,,,,,
,,,,,,,,,,,,,,,,
,,,,,,,,,,,,,,,,
,,,,,,,,,,,,,,,,
,,,,,,,,,,,,,,,,
,,,,,,,,,,,,,,,,
,,,,,,,,,,,,,,,,
,,,,,,,,,,,,,,,,
,,,,,,,,,,,,,,,,
,,,,,,,,,,,,,,,,
,,,,,,,,,,,,,,,,
,,,,,,,,,,,,,,,,
,,,,,,,,,,,,,,,,
,,,,,,,,,,,,,,,,
,,,,,,,,,,,,,,,,
,,,,,,,,,,,,,,,,
,,,,,,,,,,,,,,,,
,,,,,,,,,,,,,,,,
,,,,,,,,,,,,,,,,
,,,,,,,,,,,,,,,,
,,,,,,,,,,,,,,,,
,,,,,,,,,,,,,,,,
,,,,,,,,,,,,,,,,
,,,,,,,,,,,,,,,,
,,,,,,,,,,,,,,,,
,,,,,,,,,,,,,,,,
,,,,,,,,,,,,,,,,
,,,,,,,,,,,,,,,,
,,,,,,,,,,,,,,,,
,,,,,,,,,,,,,,,,
,,,,,,,,,,,,,,,,
,,,,,,,,,,,,,,,,
,,,,,,,,,,,,,,,,
,,,,,,,,,,,,,,,,
,,,,,,,,,,,,,,,,
,,,,,,,,,,,,,,,,
,,,,,,,,,,,,,,,,
,,,,,,,,,,,,,,,,
,,,,,,,,,,,,,,,,
,,,,,,,,,,,,,,,,
,,,,,,,,,,,,,,,,
,,,,,,,,,,,,,,,,
,,,,,,,,,,,,,,,,
,,,,,,,,,,,,,,,,
,,,,,,,,,,,,,,,,
,,,,,,,,,,,,,,,,
,,,,,,,,,,,,,,,,
,,,,,,,,,,,,,,,,
,,,,,,,,,,,,,,,,
,,,,,,,,,,,,,,,,
,,,,,,,,,,,,,,,,
,,,,,,,,,,,,,,,,
,,,,,,,,,,,,,,,,
,,,,,,,,,,,,,,,,
,,,,,,,,,,,,,,,,
,,,,,,,,,,,,,,,,
,,,,,,,,,,,,,,,,
,,,,,,,,,,,,,,,,
,,,,,,,,,,,,,,,,
,,,,,,,,,,,,,,,,
,,,,,,,,,,,,,,,,
,,,,,,,,,,,,,,,,
,,,,,,,,,,,,,,,,
,,,,,,,,,,,,,,,,
,,,,,,,,,,,,,,,,
,,,,,,,,,,,,,,,,
,,,,,,,,,,,,,,,,
,,,,,,,,,,,,,,,,
,,,,,,,,,,,,,,,,
,,,,,,,,,,,,,,,,
,,,,,,,,,,,,,,,,
,,,,,,,,,,,,,,,,
,,,,,,,,,,,,,,,,
,,,,,,,,,,,,,,,,
,,,,,,,,,,,,,,,,
,,,,,,,,,,,,,,,,
,,,,,,,,,,,,,,,,
,,,,,,,,,,,,,,,,
,,,,,,,,,,,,,,,,
,,,,,,,,,,,,,,,,
,,,,,,,,,,,,,,,,
,,,,,,,,,,,,,,,,
,,,,,,,,,,,,,,,,
,,,,,,,,,,,,,,,,
,,,,,,,,,,,,,,,,
,,,,,,,,,,,,,,,,
,,,,,,,,,,,,,,,,
,,,,,,,,,,,,,,,,
,,,,,,,,,,,,,,,,
,,,,,,,,,,,,,,,,
,,,,,,,,,,,,,,,,
,,,,,,,,,,,,,,,,
,,,,,,,,,,,,,,,,
,,,,,,,,,,,,,,,,
,,,,,,,,,,,,,,,,
,,,,,,,,,,,,,,,,
,,,,,,,,,,,,,,,,
,,,,,,,,,,,,,,,,
,,,,,,,,,,,,,,,,
,,,,,,,,,,,,,,,,
,,,,,,,,,,,,,,,,
,,,,,,,,,,,,,,,,
,,,,,,,,,,,,,,,,
,,,,,,,,,,,,,,,,
,,,,,,,,,,,,,,,,
,,,,,,,,,,,,,,,,
,,,,,,,,,,,,,,,,
,,,,,,,,,,,,,,,,
,,,,,,,,,,,,,,,,
,,,,,,,,,,,,,,,,
,,,,,,,,,,,,,,,,
,,,,,,,,,,,,,,,,
,,,,,,,,,,,,,,,,
,,,,,,,,,,,,,,,,
,,,,,,,,,,,,,,,,
,,,,,,,,,,,,,,,,
,,,,,,,,,,,,,,,,
,,,,,,,,,,,,,,,,
,,,,,,,,,,,,,,,,
,,,,,,,,,,,,,,,,
,,,,,,,,,,,,,,,,
,,,,,,,,,,,,,,,,
,,,,,,,,,,,,,,,,
,,,,,,,,,,,,,,,,
,,,,,,,,,,,,,,,,
,,,,,,,,,,,,,,,,
,,,,,,,,,,,,,,,,
,,,,,,,,,,,,,,,,
,,,,,,,,,,,,,,,,
,,,,,,,,,,,,,,,,
,,,,,,,,,,,,,,,,
,,,,,,,,,,,,,,,,
,,,,,,,,,,,,,,,,
,,,,,,,,,,,,,,,,
,,,,,,,,,,,,,,,,
,,,,,,,,,,,,,,,,
,,,,,,,,,,,,,,,,
,,,,,,,,,,,,,,,,
,,,,,,,,,,,,,,,,
,,,,,,,,,,,,,,,,
,,,,,,,,,,,,,,,,
,,,,,,,,,,,,,,,,
,,,,,,,,,,,,,,,,
,,,,,,,,,,,,,,,,
,,,,,,,,,,,,,,,,
,,,,,,,,,,,,,,,,
,,,,,,,,,,,,,,,,
,,,,,,,,,,,,,,,,
,,,,,,,,,,,,,,,,
,,,,,,,,,,,,,,,,
,,,,,,,,,,,,,,,,
,,,,,,,,,,,,,,,,
,,,,,,,,,,,,,,,,
,,,,,,,,,,,,,,,,
,,,,,,,,,,,,,,,,
,,,,,,,,,,,,,,,,
,,,,,,,,,,,,,,,,
,,,,,,,,,,,,,,,,
,,,,,,,,,,,,,,,,
,,,,,,,,,,,,,,,,
,,,,,,,,,,,,,,,,
,,,,,,,,,,,,,,,,
,,,,,,,,,,,,,,,,
,,,,,,,,,,,,,,,,
,,,,,,,,,,,,,,,,
,,,,,,,,,,,,,,,,
,,,,,,,,,,,,,,,,
,,,,,,,,,,,,,,,,
,,,,,,,,,,,,,,,,
,,,,,,,,,,,,,,,,
,,,,,,,,,,,,,,,,
,,,,,,,,,,,,,,,,
,,,,,,,,,,,,,,,,
,,,,,,,,,,,,,,,,
,,,,,,,,,,,,,,,,
,,,,,,,,,,,,,,,,
,,,,,,,,,,,,,,,,
,,,,,,,,,,,,,,,,
,,,,,,,,,,,,,,,,
,,,,,,,,,,,,,,,,
,,,,,,,,,,,,,,,,
,,,,,,,,,,,,,,,,
,,,,,,,,,,,,,,,,
,,,,,,,,,,,,,,,,
,,,,,,,,,,,,,,,,
,,,,,,,,,,,,,,,,
,,,,,,,,,,,,,,,,
,,,,,,,,,,,,,,,,
,,,,,,,,,,,,,,,,
,,,,,,,,,,,,,,,,
,,,,,,,,,,,,,,,,
,,,,,,,,,,,,,,,,
,,,,,,,,,,,,,,,,
,,,,,,,,,,,,,,,,
,,,,,,,,,,,,,,,,
,,,,,,,,,,,,,,,,
,,,,,,,,,,,,,,,,
,,,,,,,,,,,,,,,,
,,,,,,,,,,,,,,,,
,,,,,,,,,,,,,,,,
,,,,,,,,,,,,,,,,
,,,,,,,,,,,,,,,,
,,,,,,,,,,,,,,,,
,,,,,,,,,,,,,,,,
,,,,,,,,,,,,,,,,
,,,,,,,,,,,,,,,,
,,,,,,,,,,,,,,,,
,,,,,,,,,,,,,,,,
,,,,,,,,,,,,,,,,
,,,,,,,,,,,,,,,,
,,,,,,,,,,,,,,,,
,,,,,,,,,,,,,,,,
,,,,,,,,,,,,,,,,
,,,,,,,,,,,,,,,,
,,,,,,,,,,,,,,,,
,,,,,,,,,,,,,,,,
,,,,,,,,,,,,,,,,
,,,,,,,,,,,,,,,,
,,,,,,,,,,,,,,,,
,,,,,,,,,,,,,,,,
,,,,,,,,,,,,,,,,
,,,,,,,,,,,,,,,,
,,,,,,,,,,,,,,,,
,,,,,,,,,,,,,,,,
,,,,,,,,,,,,,,,,
,,,,,,,,,,,,,,,,
,,,,,,,,,,,,,,,,
,,,,,,,,,,,,,,,,
,,,,,,,,,,,,,,,,
,,,,,,,,,,,,,,,,
,,,,,,,,,,,,,,,,
,,,,,,,,,,,,,,,,
,,,,,,,,,,,,,,,,
,,,,,,,,,,,,,,,,
,,,,,,,,,,,,,,,,
,,,,,,,,,,,,,,,,
,,,,,,,,,,,,,,,,
,,,,,,,,,,,,,,,,
,,,,,,,,,,,,,,,,
,,,,,,,,,,,,,,,,
,,,,,,,,,,,,,,,,
,,,,,,,,,,,,,,,,
,,,,,,,,,,,,,,,,
,,,,,,,,,,,,,,,,
,,,,,,,,,,,,,,,,
,,,,,,,,,,,,,,,,
,,,,,,,,,,,,,,,,
,,,,,,,,,,,,,,,,
,,,,,,,,,,,,,,,,
,,,,,,,,,,,,,,,,
,,,,,,,,,,,,,,,,
,,,,,,,,,,,,,,,,
,,,,,,,,,,,,,,,,
,,,,,,,,,,,,,,,,
,,,,,,,,,,,,,,,,
,,,,,,,,,,,,,,,,
,,,,,,,,,,,,,,,,
,,,,,,,,,,,,,,,,
,,,,,,,,,,,,,,,,
,,,,,,,,,,,,,,,,
,,,,,,,,,,,,,,,,
,,,,,,,,,,,,,,,,
,,,,,,,,,,,,,,,,
,,,,,,,,,,,,,,,,
,,,,,,,,,,,,,,,,
,,,,,,,,,,,,,,,,
,,,,,,,,,,,,,,,,
,,,,,,,,,,,,,,,,
,,,,,,,,,,,,,,,,
,,,,,,,,,,,,,,,,
,,,,,,,,,,,,,,,,
,,,,,,,,,,,,,,,,
,,,,,,,,,,,,,,,,
,,,,,,,,,,,,,,,,
,,,,,,,,,,,,,,,,
,,,,,,,,,,,,,,,,
,,,,,,,,,,,,,,,,
,,,,,,,,,,,,,,,,
,,,,,,,,,,,,,,,,
,,,,,,,,,,,,,,,,
,,,,,,,,,,,,,,,,
,,,,,,,,,,,,,,,,
,,,,,,,,,,,,,,,,
,,,,,,,,,,,,,,,,
,,,,,,,,,,,,,,,,
,,,,,,,,,,,,,,,,
,,,,,,,,,,,,,,,,
,,,,,,,,,,,,,,,,
,,,,,,,,,,,,,,,,
,,,,,,,,,,,,,,,,
,,,,,,,,,,,,,,,,
,,,,,,,,,,,,,,,,
,,,,,,,,,,,,,,,,
,,,,,,,,,,,,,,,,
,,,,,,,,,,,,,,,,
,,,,,,,,,,,,,,,,
,,,,,,,,,,,,,,,,
,,,,,,,,,,,,,,,,
,,,,,,,,,,,,,,,,
,,,,,,,,,,,,,,,,
,,,,,,,,,,,,,,,,
,,,,,,,,,,,,,,,,
,,,,,,,,,,,,,,,,
,,,,,,,,,,,,,,,,
,,,,,,,,,,,,,,,,
,,,,,,,,,,,,,,,,
,,,,,,,,,,,,,,,,
,,,,,,,,,,,,,,,,
,,,,,,,,,,,,,,,,
,,,,,,,,,,,,,,,,
,,,,,,,,,,,,,,,,
,,,,,,,,,,,,,,,,
,,,,,,,,,,,,,,,,
,,,,,,,,,,,,,,,,
,,,,,,,,,,,,,,,,
,,,,,,,,,,,,,,,,
,,,,,,,,,,,,,,,,
,,,,,,,,,,,,,,,,
,,,,,,,,,,,,,,,,
,,,,,,,,,,,,,,,,
,,,,,,,,,,,,,,,,
,,,,,,,,,,,,,,,,
,,,,,,,,,,,,,,,,
,,,,,,,,,,,,,,,,
,,,,,,,,,,,,,,,,
,,,,,,,,,,,,,,,,
,,,,,,,,,,,,,,,,
,,,,,,,,,,,,,,,,
,,,,,,,,,,,,,,,,
,,,,,,,,,,,,,,,,
,,,,,,,,,,,,,,,,
,,,,,,,,,,,,,,,,
,,,,,,,,,,,,,,,,
,,,,,,,,,,,,,,,,
,,,,,,,,,,,,,,,,
,,,,,,,,,,,,,,,,
,,,,,,,,,,,,,,,,
,,,,,,,,,,,,,,,,
,,,,,,,,,,,,,,,,
,,,,,,,,,,,,,,,,
,,,,,,,,,,,,,,,,
,,,,,,,,,,,,,,,,
,,,,,,,,,,,,,,,,
,,,,,,,,,,,,,,,,
,,,,,,,,,,,,,,,,
,,,,,,,,,,,,,,,,
,,,,,,,,,,,,,,,,
,,,,,,,,,,,,,,,,
,,,,,,,,,,,,,,,,
,,,,,,,,,,,,,,,,
,,,,,,,,,,,,,,,,
,,,,,,,,,,,,,,,,
,,,,,,,,,,,,,,,,
,,,,,,,,,,,,,,,,
,,,,,,,,,,,,,,,,
,,,,,,,,,,,,,,,,
,,,,,,,,,,,,,,,,
,,,,,,,,,,,,,,,,
,,,,,,,,,,,,,,,,
,,,,,,,,,,,,,,,,
,,,,,,,,,,,,,,,,
,,,,,,,,,,,,,,,,
,,,,,,,,,,,,,,,,
,,,,,,,,,,,,,,,,
,,,,,,,,,,,,,,,,
,,,,,,,,,,,,,,,,
,,,,,,,,,,,,,,,,
,,,,,,,,,,,,,,,,
,,,,,,,,,,,,,,,,
,,,,,,,,,,,,,,,,
,,,,,,,,,,,,,,,,
,,,,,,,,,,,,,,,,
,,,,,,,,,,,,,,,,
,,,,,,,,,,,,,,,,
,,,,,,,,,,,,,,,,
,,,,,,,,,,,,,,,,
,,,,,,,,,,,,,,,,
,,,,,,,,,,,,,,,,
,,,,,,,,,,,,,,,,
,,,,,,,,,,,,,,,,
,,,,,,,,,,,,,,,,
,,,,,,,,,,,,,,,,
,,,,,,,,,,,,,,,,
,,,,,,,,,,,,,,,,
,,,,,,,,,,,,,,,,
,,,,,,,,,,,,,,,,
,,,,,,,,,,,,,,,,
,,,,,,,,,,,,,,,,
,,,,,,,,,,,,,,,,
,,,,,,,,,,,,,,,,
,,,,,,,,,,,,,,,,
,,,,,,,,,,,,,,,,
,,,,,,,,,,,,,,,,
,,,,,,,,,,,,,,,,
,,,,,,,,,,,,,,,,
,,,,,,,,,,,,,,,,
,,,,,,,,,,,,,,,,
,,,,,,,,,,,,,,,,
,,,,,,,,,,,,,,,,
,,,,,,,,,,,,,,,,
,,,,,,,,,,,,,,,,
,,,,,,,,,,,,,,,,
,,,,,,,,,,,,,,,,
,,,,,,,,,,,,,,,,
,,,,,,,,,,,,,,,,
,,,,,,,,,,,,,,,,
,,,,,,,,,,,,,,,,
,,,,,,,,,,,,,,,,
,,,,,,,,,,,,,,,,
,,,,,,,,,,,,,,,,
,,,,,,,,,,,,,,,,
,,,,,,,,,,,,,,,,
,,,,,,,,,,,,,,,,
,,,,,,,,,,,,,,,,
,,,,,,,,,,,,,,,,
,,,,,,,,,,,,,,,,
,,,,,,,,,,,,,,,,
,,,,,,,,,,,,,,,,
,,,,,,,,,,,,,,,,
,,,,,,,,,,,,,,,,
,,,,,,,,,,,,,,,,
,,,,,,,,,,,,,,,,
,,,,,,,,,,,,,,,,
,,,,,,,,,,,,,,,,
,,,,,,,,,,,,,,,,
,,,,,,,,,,,,,,,,
,,,,,,,,,,,,,,,,
,,,,,,,,,,,,,,,,
,,,,,,,,,,,,,,,,
,,,,,,,,,,,,,,,,
,,,,,,,,,,,,,,,,
,,,,,,,,,,,,,,,,
,,,,,,,,,,,,,,,,
,,,,,,,,,,,,,,,,
,,,,,,,,,,,,,,,,
,,,,,,,,,,,,,,,,
,,,,,,,,,,,,,,,,
,,,,,,,,,,,,,,,,
,,,,,,,,,,,,,,,,
,,,,,,,,,,,,,,,,
,,,,,,,,,,,,,,,,
,,,,,,,,,,,,,,,,
,,,,,,,,,,,,,,,,
,,,,,,,,,,,,,,,,
,,,,,,,,,,,,,,,,
,,,,,,,,,,,,,,,,
,,,,,,,,,,,,,,,,
,,,,,,,,,,,,,,,,
,,,,,,,,,,,,,,,,
,,,,,,,,,,,,,,,,
,,,,,,,,,,,,,,,,
,,,,,,,,,,,,,,,,
,,,,,,,,,,,,,,,,
,,,,,,,,,,,,,,,,
,,,,,,,,,,,,,,,,
,,,,,,,,,,,,,,,,
,,,,,,,,,,,,,,,,
,,,,,,,,,,,,,,,,
,,,,,,,,,,,,,,,,
,,,,,,,,,,,,,,,,
,,,,,,,,,,,,,,,,
,,,,,,,,,,,,,,,,
,,,,,,,,,,,,,,,,
,,,,,,,,,,,,,,,,
,,,,,,,,,,,,,,,,
,,,,,,,,,,,,,,,,
,,,,,,,,,,,,,,,,
,,,,,,,,,,,,,,,,
,,,,,,,,,,,,,,,,
,,,,,,,,,,,,,,,,
,,,,,,,,,,,,,,,,
,,,,,,,,,,,,,,,,
,,,,,,,,,,,,,,,,
,,,,,,,,,,,,,,,,
,,,,,,,,,,,,,,,,
,,,,,,,,,,,,,,,,
,,,,,,,,,,,,,,,,
,,,,,,,,,,,,,,,,
,,,,,,,,,,,,,,,,
,,,,,,,,,,,,,,,,
,,,,,,,,,,,,,,,,
,,,,,,,,,,,,,,,,
,,,,,,,,,,,,,,,,
,,,,,,,,,,,,,,,,
,,,,,,,,,,,,,,,,
,,,,,,,,,,,,,,,,
,,,,,,,,,,,,,,,,
,,,,,,,,,,,,,,,,
,,,,,,,,,,,,,,,,
,,,,,,,,,,,,,,,,
,,,,,,,,,,,,,,,,
,,,,,,,,,,,,,,,,
,,,,,,,,,,,,,,,,
,,,,,,,,,,,,,,,,
,,,,,,,,,,,,,,,,
,,,,,,,,,,,,,,,,
,,,,,,,,,,,,,,,,
,,,,,,,,,,,,,,,,
,,,,,,,,,,,,,,,,
,,,,,,,,,,,,,,,,
,,,,,,,,,,,,,,,,
,,,,,,,,,,,,,,,,
,,,,,,,,,,,,,,,,
,,,,,,,,,,,,,,,,
,,,,,,,,,,,,,,,,
,,,,,,,,,,,,,,,,
,,,,,,,,,,,,,,,,
,,,,,,,,,,,,,,,,
,,,,,,,,,,,,,,,,
,,,,,,,,,,,,,,,,
,,,,,,,,,,,,,,,,
,,,,,,,,,,,,,,,,
,,,,,,,,,,,,,,,,
,,,,,,,,,,,,,,,,
,,,,,,,,,,,,,,,,
,,,,,,,,,,,,,,,,
,,,,,,,,,,,,,,,,
,,,,,,,,,,,,,,,,
,,,,,,,,,,,,,,,,
,,,,,,,,,,,,,,,,
,,,,,,,,,,,,,,,,
,,,,,,,,,,,,,,,,
,,,,,,,,,,,,,,,,
,,,,,,,,,,,,,,,,
,,,,,,,,,,,,,,,,
,,,,,,,,,,,,,,,,
,,,,,,,,,,,,,,,,
,,,,,,,,,,,,,,,,
,,,,,,,,,,,,,,,,
,,,,,,,,,,,,,,,,
,,,,,,,,,,,,,,,,
,,,,,,,,,,,,,,,,
,,,,,,,,,,,,,,,,
,,,,,,,,,,,,,,,,
,,,,,,,,,,,,,,,,
,,,,,,,,,,,,,,,,
,,,,,,,,,,,,,,,,
,,,,,,,,,,,,,,,,
,,,,,,,,,,,,,,,,
,,,,,,,,,,,,,,,,
,,,,,,,,,,,,,,,,
,,,,,,,,,,,,,,,,
,,,,,,,,,,,,,,,,
,,,,,,,,,,,,,,,,
,,,,,,,,,,,,,,,,
,,,,,,,,,,,,,,,,
,,,,,,,,,,,,,,,,
,,,,,,,,,,,,,,,,
,,,,,,,,,,,,,,,,
,,,,,,,,,,,,,,,,
,,,,,,,,,,,,,,,,
,,,,,,,,,,,,,,,,
,,,,,,,,,,,,,,,,
,,,,,,,,,,,,,,,,
,,,,,,,,,,,,,,,,
,,,,,,,,,,,,,,,,
,,,,,,,,,,,,,,,,
,,,,,,,,,,,,,,,,
,,,,,,,,,,,,,,,,
,,,,,,,,,,,,,,,,
,,,,,,,,,,,,,,,,
,,,,,,,,,,,,,,,,
,,,,,,,,,,,,,,,,
,,,,,,,,,,,,,,,,
,,,,,,,,,,,,,,,,
,,,,,,,,,,,,,,,,
,,,,,,,,,,,,,,,,
,,,,,,,,,,,,,,,,
,,,,,,,,,,,,,,,,
,,,,,,,,,,,,,,,,
,,,,,,,,,,,,,,,,
,,,,,,,,,,,,,,,,
,,,,,,,,,,,,,,,,
,,,,,,,,,,,,,,,,
,,,,,,,,,,,,,,,,
,,,,,,,,,,,,,,,,
,,,,,,,,,,,,,,,,
,,,,,,,,,,,,,,,,
,,,,,,,,,,,,,,,,
,,,,,,,,,,,,,,,,
,,,,,,,,,,,,,,,,
,,,,,,,,,,,,,,,,
,,,,,,,,,,,,,,,,
,,,,,,,,,,,,,,,,
,,,,,,,,,,,,,,,,
,,,,,,,,,,,,,,,,
,,,,,,,,,,,,,,,,
,,,,,,,,,,,,,,,,
,,,,,,,,,,,,,,,,
,,,,,,,,,,,,,,,,
,,,,,,,,,,,,,,,,
,,,,,,,,,,,,,,,,
,,,,,,,,,,,,,,,,
,,,,,,,,,,,,,,,,
,,,,,,,,,,,,,,,,
,,,,,,,,,,,,,,,,
,,,,,,,,,,,,,,,,
,,,,,,,,,,,,,,,,
,,,,,,,,,,,,,,,,
,,,,,,,,,,,,,,,,
,,,,,,,,,,,,,,,,
,,,,,,,,,,,,,,,,
,,,,,,,,,,,,,,,,
,,,,,,,,,,,,,,,,
,,,,,,,,,,,,,,,,
,,,,,,,,,,,,,,,,
,,,,,,,,,,,,,,,,
,,,,,,,,,,,,,,,,
,,,,,,,,,,,,,,,,
,,,,,,,,,,,,,,,,
,,,,,,,,,,,,,,,,
,,,,,,,,,,,,,,,,
,,,,,,,,,,,,,,,,
,,,,,,,,,,,,,,,,
,,,,,,,,,,,,,,,,
,,,,,,,,,,,,,,,,
,,,,,,,,,,,,,,,,
,,,,,,,,,,,,,,,,
,,,,,,,,,,,,,,,,
,,,,,,,,,,,,,,,,
,,,,,,,,,,,,,,,,
,,,,,,,,,,,,,,,,
